field_count,name,habitat,mon,year,sex,age,soil,slope,aspect,origarea,agescale,slopescale,aspectscale,origareascale
0,Bruiser,Pasture,Apr,2010,male,5,AminDP,5.41,170.94,5.0423,0.444379672,-1.522200069,3.016208253,1.588017372
0,Bruiser,Pasture,Apr,2010,male,5,AminSP,7.08,131.54,3.3514,0.444379672,0.147799931,-36.38379175,-0.102882628
0,Bruiser,Pasture,Apr,2010,male,5,AminSW,8.62,156.97,3.1321,0.444379672,1.687799931,-10.95379175,-0.322182628
0,Bruiser,Pasture,Apr,2010,male,5,AminDW,7.99,79.95,5.1949,0.444379672,1.057799931,-87.97379175,1.740617372
1,Bruiser,Unknown,Apr,2010,male,4,AminDP,5.83,178.52,1.8451,-0.555620328,-1.102200069,10.59620825,-1.609182628
2,Bruiser,Woodland,Apr,2010,male,4,AminDP,8.56,124.96,1.2812,-0.555620328,1.627799931,-42.96379175,-2.173082628
0,Bruiser,Pasture,Apr,2010,male,5,AminDW,4.28,182.46,0.6232,0.444379672,-2.652200069,14.53620825,-2.831082628
1,Bruiser,Woodland,Apr,2010,male,4,AlluvMIN,5.09,162.07,5.1842,-0.555620328,-1.842200069,-5.853791747,1.729917372
0,Bruiser,Arable,Apr,2010,male,5,AminDW,9.21,143,5.2679,0.444379672,2.277799931,-24.92379175,1.813617372
0,Bruiser,Pasture,Apr,2010,male,5,AminDW,10.29,93.89,3.2996,0.444379672,3.357799931,-74.03379175,-0.154682628
0,Bruiser,Pasture,Apr,2010,male,5,AminDW,7.95,40.85,1.8067,0.444379672,1.017799931,-127.0737917,-1.647582628
0,Bruiser,Pasture,Apr,2010,male,5,AminSW,4.54,77.18,0.7622,0.444379672,-2.392200069,-90.74379175,-2.692082628
0,Bruiser,Pasture,Apr,2010,male,5,AminDW,8.6,79.17,2.7435,0.444379672,1.667799931,-88.75379175,-0.710782628
0,Bruiser,Pasture,Apr,2010,male,5,AminSW,7.93,75.09,2.3793,0.444379672,0.997799931,-92.83379175,-1.074982628
0,Bruiser,Pasture,Apr,2010,male,5,AminSW,13.51,202.86,3.8446,0.444379672,6.577799931,34.93620825,0.390317372
0,Bruiser,Pasture,Apr,2010,male,5,AminSW,7.49,106.09,6.876,0.444379672,0.557799931,-61.83379175,3.421717372
0,Bruiser,Pasture,Apr,2010,male,5,AminDP,5.59,166.24,3.5363,0.444379672,-1.342200069,-1.683791747,0.082017372
0,Bruiser,Uncultivated,Apr,2010,male,5,AlluvMIN,2.97,140.65,0.2447,0.444379672,-3.962200069,-27.27379175,-3.209582628
0,Bruiser,Uncultivated,Apr,2010,male,5,AminSW,6.23,203.17,7.097,0.444379672,-0.702200069,35.24620825,3.642717372
6,Bruiser,Woodland,Apr,2010,male,4,AminSP,7.2,139.69,37.1236,-0.555620328,0.267799931,-28.23379175,33.66931737
1,Bruiser,Woodland,Apr,2010,male,4,AminDW,4.97,119.24,8.7251,-0.555620328,-1.962200069,-48.68379175,5.270817372
0,Bruiser,Pasture,Apr,2010,male,5,AminSW,4.75,169.71,2.709,0.444379672,-2.182200069,1.786208253,-0.745282628
0,Bruiser,Unknown,Apr,2010,male,5,AminDW,8.26,220.01,2.7577,0.444379672,1.327799931,52.08620825,-0.696582628
0,Bruiser,Human,Apr,2010,male,5,AminDW,8,246.14,0.3326,0.444379672,1.067799931,78.21620825,-3.121682628
0,Bruiser,Uncultivated,Apr,2010,male,5,AminDW,8.37,123.26,4.9431,0.444379672,1.437799931,-44.66379175,1.488817372
0,Bruiser,Human,Apr,2010,male,5,AminDP,4,190.01,0.1783,0.444379672,-2.932200069,22.08620825,-3.275982628
0,Bruiser,Human,Apr,2010,male,5,AminDW,4.17,228.98,1.261,0.444379672,-2.762200069,61.05620825,-2.193282628
0,Bruiser,Arable,Apr,2010,male,5,AminSP,3,168.75,1.094,0.444379672,-3.932200069,0.826208253,-2.360282628
1,Bruiser,Pasture,Apr,2010,male,4,AminSP,4.82,106.99,2.7833,-0.555620328,-2.112200069,-60.93379175,-0.670982628
0,Bruiser,Uncultivated,Apr,2010,male,5,AminDP,11.52,301.68,1.5972,0.444379672,4.587799931,133.7562083,-1.857082628
1,Dolly,Pasture,Apr,2010,female,4,AminDP,8.63,182.09,4.1046,-0.555620328,1.697799931,14.16620825,0.650317372
2,Dolly,Pasture,Apr,2010,female,4,AminDP,3.15,169.96,4.5489,-0.555620328,-3.782200069,2.036208253,1.094617372
0,Dolly,Pasture,Apr,2010,female,5,AminDP,4.09,143.47,2.5992,0.444379672,-2.842200069,-24.45379175,-0.855082628
0,Dolly,Pasture,Apr,2010,female,5,AminDP,7.81,207.73,5.7095,0.444379672,0.877799931,39.80620825,2.255217372
0,Dolly,Pasture,Apr,2010,female,5,AminDP,6.75,65.48,1.0419,0.444379672,-0.182200069,-102.4437917,-2.412382628
0,Dolly,Pasture,Apr,2010,female,5,AminDP,4.26,221.57,2.0515,0.444379672,-2.672200069,53.64620825,-1.402782628
2,Dolly,Pasture,Apr,2010,female,4,AminDP,4.11,153.71,5.733,-0.555620328,-2.822200069,-14.21379175,2.278717372
0,Dolly,Pasture,Apr,2010,female,5,AminDP,8.28,176.24,6.4551,0.444379672,1.347799931,8.316208253,3.000817372
0,Dolly,Pasture,Apr,2010,female,5,AminDP,3.79,234.62,0.1759,0.444379672,-3.142200069,66.69620825,-3.278382628
0,Dolly,Human,Apr,2010,female,5,AminDP,2.62,198.77,1.4953,0.444379672,-4.312200069,30.84620825,-1.958982628
2,Dolly,Woodland,Apr,2010,female,4,AminSP,7.2,139.69,37.1236,-0.555620328,0.267799931,-28.23379175,33.66931737
1,Dolly,Human,Apr,2010,female,4,AminDP,3.99,146.43,1.5232,-0.555620328,-2.942200069,-21.49379175,-1.931082628
0,Dolly,Pasture,Apr,2010,female,5,AminDP,6.69,193.96,5.4034,0.444379672,-0.242200069,26.03620825,1.949117372
0,Dolly,Woodland,Apr,2010,female,5,AminDP,5.49,224.47,1.4863,0.444379672,-1.442200069,56.54620825,-1.967982628
0,Dolly,Pasture,Apr,2010,female,5,AminDP,5.33,273.95,1.077,0.444379672,-1.602200069,106.0262083,-2.377282628
4,Dolly,Pasture,Apr,2010,female,4,AminDP,4.54,172.96,1.4756,-0.555620328,-2.392200069,5.036208253,-1.978682628
0,Ray,Pasture,Apr,2010,male,4,AminSP,6.19,178.72,4.374,-0.555620328,-0.742200069,10.79620825,0.919717372
0,Ray,Pasture,Apr,2010,male,4,AminSP,6.14,136.93,1.7925,-0.555620328,-0.792200069,-30.99379175,-1.661782628
0,Ray,Pasture,Apr,2010,male,4,AminDP,8.68,109.44,2.5117,-0.555620328,1.747799931,-58.48379175,-0.942582628
1,Ray,Pasture,Apr,2010,male,3,AminDW,9.3,239.06,7.4412,-1.555620328,2.367799931,71.13620825,3.986917372
0,Ray,Arable,Apr,2010,male,4,AminDP,4.39,196.75,3.1304,-0.555620328,-2.542200069,28.82620825,-0.323882628
0,Ray,Pasture,Apr,2010,male,4,AlluvMIN,4.15,186.23,1.4108,-0.555620328,-2.782200069,18.30620825,-2.043482628
0,Ray,Pasture,Apr,2010,male,4,AlluvMIN,3.38,203.21,2.0695,-0.555620328,-3.552200069,35.28620825,-1.384782628
0,Ray,Pasture,Apr,2010,male,4,AminDP,7.01,206.76,6.0719,-0.555620328,0.077799931,38.83620825,2.617617372
0,Ray,Human,Apr,2010,male,4,AminSP,6.94,200.73,0.2864,-0.555620328,0.007799931,32.80620825,-3.167882628
0,Ray,Human,Apr,2010,male,4,AminSW,6.18,304.16,0.5663,-0.555620328,-0.752200069,136.2362083,-2.887982628
0,Ray,Unknown,Apr,2010,male,4,AminDP,5.26,143.16,1.7592,-0.555620328,-1.672200069,-24.76379175,-1.695082628
0,Ray,Unknown,Apr,2010,male,4,AminSP,6.56,242.05,4.4652,-0.555620328,-0.372200069,74.12620825,1.010917372
3,Ray,Pasture,Apr,2010,male,3,AminSP,11.24,277.26,2.2197,-1.555620328,4.307799931,109.3362083,-1.234582628
0,Ray,Pasture,Apr,2010,male,4,AminSP,8.09,142.46,3.7621,-0.555620328,1.157799931,-25.46379175,0.307817372
0,Ray,Pasture,Apr,2010,male,4,AminDP,3.55,101.76,0.5483,-0.555620328,-3.382200069,-66.16379175,-2.905982628
0,Ray,Human,Apr,2010,male,4,AminDP,7.25,217.23,0.1611,-0.555620328,0.317799931,49.30620825,-3.293182628
4,Romeo,Pasture,Apr,2010,male,4,AminDW,7.54,163.89,11.0733,-0.555620328,0.607799931,-4.033791747,7.619017372
0,Romeo,Human,Apr,2010,male,5,AminSW,9.61,91.96,0.4525,0.444379672,2.677799931,-75.96379175,-3.001782628
1,Romeo,Pasture,Apr,2010,male,4,AminDW,8.33,183.25,4.8097,-0.555620328,1.397799931,15.32620825,1.355417372
1,Ronnie,Pasture,Apr,2010,male,4,AminDP,3.77,161.09,2.3074,-0.555620328,-3.162200069,-6.833791747,-1.146882628
0,Ronnie,Pasture,Apr,2010,male,5,AminDP,8.68,109.44,2.5117,0.444379672,1.747799931,-58.48379175,-0.942582628
0,Ronnie,Pasture,Apr,2010,male,5,AminDP,5.25,177.1,1.2445,0.444379672,-1.682200069,9.176208253,-2.209782628
0,Ronnie,Pasture,Apr,2010,male,5,AminDP,5.7,201.16,0.4211,0.444379672,-1.232200069,33.23620825,-3.033182628
0,Ronnie,Human,Apr,2010,male,5,AminSP,6.16,194.15,0.4864,0.444379672,-0.772200069,26.22620825,-2.967882628
0,Ronnie,Pasture,Apr,2010,male,5,AminDP,0,0,1.8653,0.444379672,-6.932200069,-167.9237917,-1.588982628
0,Ronnie,Pasture,Apr,2010,male,5,AminDP,1.35,329.04,0.1066,0.444379672,-5.582200069,161.1162083,-3.347682628
0,Ronnie,REPS Habitat,Apr,2010,male,5,AlluvMIN,4.51,118.47,0.835,0.444379672,-2.422200069,-49.45379175,-2.619282628
0,Tyson,Pasture,Apr,2010,male,4,AminDW,7.1,184.18,5.9903,-0.555620328,0.167799931,16.25620825,2.536017372
0,Tyson,Pasture,Apr,2010,male,4,AminSW,11.52,242.25,0.2474,-0.555620328,4.587799931,74.32620825,-3.206882628
0,Tyson,Pasture,Apr,2010,male,4,AminSW,9.24,201.71,5.6477,-0.555620328,2.307799931,33.78620825,2.193417372
0,Tyson,Pasture,Apr,2010,male,4,AminDW,13.93,275.05,1.7473,-0.555620328,6.997799931,107.1262083,-1.706982628
0,Tyson,Pasture,Apr,2010,male,4,AminDW,6.7,72.88,0.49,-0.555620328,-0.232200069,-95.04379175,-2.964282628
0,Tyson,Pasture,Apr,2010,male,4,AminDW,8.99,203.73,6.2748,-0.555620328,2.057799931,35.80620825,2.820517372
0,Tyson,Unknown,Apr,2010,male,4,AminDW,5.37,211.83,0.7486,-0.555620328,-1.562200069,43.90620825,-2.705682628
0,Tyson,Human,Apr,2010,male,4,AminDW,8.13,163.96,3.5648,-0.555620328,1.197799931,-3.963791747,0.110517372
1,Tyson,Pasture,Apr,2010,male,3,AminSW,7.64,179.93,0.647,-1.555620328,0.707799931,12.00620825,-2.807282628
0,Tyson,Pasture,Apr,2010,male,4,AminSW,9.35,247.37,0.6474,-0.555620328,2.417799931,79.44620825,-2.806882628
1,Bluebell,Arable,Apr,2010,female,2,AminDP,4.37,199.38,7.3508,-2.555620328,-2.562200069,31.45620825,3.896517372
0,Bluebell,Pasture,Apr,2010,female,3,AminDP,3.77,161.09,2.3074,-1.555620328,-3.162200069,-6.833791747,-1.146882628
0,Bluebell,Pasture,Apr,2010,female,3,AlluvMIN,3.21,121.48,3.5832,-1.555620328,-3.722200069,-46.44379175,0.128917372
0,Bluebell,Pasture,Apr,2010,female,3,AminDP,5.98,233.67,3.1266,-1.555620328,-0.952200069,65.74620825,-0.327682628
0,Bluebell,Arable,Apr,2010,female,3,AminDP,6.24,212.74,3.0407,-1.555620328,-0.692200069,44.81620825,-0.413582628
0,Bluebell,Pasture,Apr,2010,female,3,AminDP,5.91,192.47,6.1116,-1.555620328,-1.022200069,24.54620825,2.657317372
1,Bluebell,Pasture,Apr,2010,female,2,AminDP,6.77,219.24,1.964,-2.555620328,-0.162200069,51.31620825,-1.490282628
0,Bluebell,Human,Apr,2010,female,3,AminDP,8.47,247.62,0.0983,-1.555620328,1.537799931,79.69620825,-3.355982628
0,Bluebell,Pasture,Apr,2010,female,3,AlluvMIN,3.72,78.53,1.6113,-1.555620328,-3.212200069,-89.39379175,-1.842982628
0,Bluebell,Pasture,Apr,2010,female,3,AlluvMIN,3.02,144.35,2.3436,-1.555620328,-3.912200069,-23.57379175,-1.110682628
1,Bluebell,REPS Habitat,Apr,2010,female,2,AminDP,6.18,258.54,0.5706,-2.555620328,-0.752200069,90.61620825,-2.883682628
0,Bluebell,Pasture,Apr,2010,female,3,AminSW,2.69,143.6,0.8045,-1.555620328,-4.242200069,-24.32379175,-2.649782628
0,Bluebell,Human,Apr,2010,female,3,AminSP,4.58,190.33,0.3326,-1.555620328,-2.352200069,22.40620825,-3.121682628
1,Bluebell,Human,Apr,2010,female,2,AminSW,6.18,304.16,0.5663,-2.555620328,-0.752200069,136.2362083,-2.887982628
0,Bluebell,Uncultivated,Apr,2010,female,3,AminDP,4.15,181.4,0.238,-1.555620328,-2.782200069,13.47620825,-3.216282628
0,Bluebell,Unknown,Apr,2010,female,3,AlluvMIN,3.97,231.64,5.126,-1.555620328,-2.962200069,63.71620825,1.671717372
0,Bluebell,Unknown,Apr,2010,female,3,AminSP,9.21,227.54,1.4847,-1.555620328,2.277799931,59.61620825,-1.969582628
12,Bluebell,Unknown,Apr,2010,female,2,AminDP,3.92,182.83,5.064,-2.555620328,-3.012200069,14.90620825,1.609717372
0,Bluebell,Pasture,Apr,2010,female,3,AminSW,9.64,79.58,3.666,-1.555620328,2.707799931,-88.34379175,0.211717372
4,Bluebell,Unknown,Apr,2010,female,2,AminSW,5.54,281.75,0.6499,-2.555620328,-1.392200069,113.8262083,-2.804382628
0,Bluebell,Pasture,Apr,2010,female,3,AminDP,3.55,101.76,0.5483,-1.555620328,-3.382200069,-66.16379175,-2.905982628
0,Bluebell,Human,Apr,2010,female,3,AminDP,7.25,217.23,0.1611,-1.555620328,0.317799931,49.30620825,-3.293182628
0,Bruiser,Pasture,Apr,2010,male,5,AminDP,5.41,170.94,5.0423,0.444379672,-1.522200069,3.016208253,1.588017372
1,Bruiser,Pasture,Apr,2010,male,4,AminSP,7.08,131.54,3.3514,-0.555620328,0.147799931,-36.38379175,-0.102882628
1,Bruiser,Pasture,Apr,2010,male,4,AminSW,8.62,156.97,3.1321,-0.555620328,1.687799931,-10.95379175,-0.322182628
1,Bruiser,Pasture,Apr,2010,male,4,AminSW,11.18,193.56,4.6991,-0.555620328,4.247799931,25.63620825,1.244817372
0,Bruiser,Arable,Apr,2010,male,5,AminDP,6.16,180.06,6.2074,0.444379672,-0.772200069,12.13620825,2.753117372
1,Bruiser,Pasture,Apr,2010,male,4,AminDP,6.78,169.31,3.0605,-0.555620328,-0.152200069,1.386208253,-0.393782628
0,Bruiser,Pasture,Apr,2010,male,5,AminDP,3.61,175.77,5.1485,0.444379672,-3.322200069,7.846208253,1.694217372
0,Bruiser,Pasture,Apr,2010,male,5,AminDP,7.02,141.9,0.9519,0.444379672,0.087799931,-26.02379175,-2.502382628
0,Bruiser,Pasture,Apr,2010,male,5,AminDP,5.99,145.61,2.6205,0.444379672,-0.942200069,-22.31379175,-0.833782628
0,Bruiser,Pasture,Apr,2010,male,5,AminDP,5.3,186.15,1.5063,0.444379672,-1.632200069,18.22620825,-1.947982628
0,Bruiser,Unknown,Apr,2010,male,5,AminDP,6.24,113.29,1.1911,0.444379672,-0.692200069,-54.63379175,-2.263182628
0,Bruiser,Pasture,Apr,2010,male,5,AminDP,6.63,210.19,4.2686,0.444379672,-0.302200069,42.26620825,0.814317372
0,Bruiser,Pasture,Apr,2010,male,5,AminSP,4.95,261.23,1.1522,0.444379672,-1.982200069,93.30620825,-2.302082628
0,Bruiser,Pasture,Apr,2010,male,5,AminSP,6.2,144.33,2.0004,0.444379672,-0.732200069,-23.59379175,-1.453882628
4,Bruiser,Pasture,Apr,2010,male,4,AminDW,9,157.87,3.2275,-0.555620328,2.067799931,-10.05379175,-0.226782628
0,Bruiser,REPS Habitat,Apr,2010,male,5,AminSW,9.1,14.29,0.3069,0.444379672,2.167799931,-153.6337917,-3.147382628
0,Bruiser,Pasture,Apr,2010,male,5,AminDW,10.29,93.89,3.2996,0.444379672,3.357799931,-74.03379175,-0.154682628
0,Bruiser,Pasture,Apr,2010,male,5,AminDW,7.95,40.85,1.8067,0.444379672,1.017799931,-127.0737917,-1.647582628
0,Bruiser,Pasture,Apr,2010,male,5,AminSW,4.54,77.18,0.7622,0.444379672,-2.392200069,-90.74379175,-2.692082628
0,Bruiser,Pasture,Apr,2010,male,5,AminDW,8.6,79.17,2.7435,0.444379672,1.667799931,-88.75379175,-0.710782628
0,Bruiser,Pasture,Apr,2010,male,5,AminSW,7.93,75.09,2.3793,0.444379672,0.997799931,-92.83379175,-1.074982628
0,Bruiser,Pasture,Apr,2010,male,5,AminDP,8.28,176.24,6.4551,0.444379672,1.347799931,8.316208253,3.000817372
0,Bruiser,Pasture,Apr,2010,male,5,AminDW,6.31,150.63,4.1637,0.444379672,-0.622200069,-17.29379175,0.709417372
0,Bruiser,Pasture,Apr,2010,male,5,AminSW,12.25,201.28,3.8129,0.444379672,5.317799931,33.35620825,0.358617372
0,Bruiser,Human,Apr,2010,male,5,AminSP,21.49,217.68,0.4404,0.444379672,14.55779993,49.75620825,-3.013882628
0,Bruiser,Uncultivated,Apr,2010,male,5,AlluvMIN,4.89,182.58,2.3458,0.444379672,-2.042200069,14.65620825,-1.108482628
2,Bruiser,Pasture,Apr,2010,male,4,AminDP,5.33,109.39,6.9771,-0.555620328,-1.602200069,-58.53379175,3.522817372
0,Bruiser,Pasture,Apr,2010,male,5,AminDP,3.26,188.07,0.276,0.444379672,-3.672200069,20.14620825,-3.178282628
0,Bruiser,Pasture,Apr,2010,male,5,AminDP,3.83,276.09,0.7226,0.444379672,-3.102200069,108.1662083,-2.731682628
1,Bruiser,Pasture,Apr,2010,male,4,AminDP,5.58,135.8,2.9631,-0.555620328,-1.352200069,-32.12379175,-0.491182628
0,Bruiser,Pasture,Apr,2010,male,5,AminSP,5.68,131,1.3289,0.444379672,-1.252200069,-36.92379175,-2.125382628
0,Bruiser,Woodland,Apr,2010,male,5,AminSP,6.64,131.07,3.1832,0.444379672,-0.292200069,-36.85379175,-0.271082628
0,Bruiser,Woodland,Apr,2010,male,5,AminSW,3.06,201.25,2.4901,0.444379672,-3.872200069,33.32620825,-0.964182628
1,Bruiser,Woodland,Apr,2010,male,4,AminDP,5.97,171.34,10.0759,-0.555620328,-0.962200069,3.416208253,6.621617372
0,Bruiser,Human,Apr,2010,male,5,AminSW,6.5,166.04,7.8842,0.444379672,-0.432200069,-1.883791747,4.429917372
0,Bruiser,Unknown,Apr,2010,male,5,AminDW,5.1,183.01,0.5489,0.444379672,-1.832200069,15.08620825,-2.905382628
0,Bruiser,Unknown,Apr,2010,male,5,AminDW,6.65,111.78,1.0883,0.444379672,-0.282200069,-56.14379175,-2.365982628
2,Bruiser,Woodland,Apr,2010,male,4,AminSP,8.89,118.92,1.8821,-0.555620328,1.957799931,-49.00379175,-1.572182628
2,Bruiser,Pasture,Apr,2010,male,4,AminSW,7.47,151.2,5.1791,-0.555620328,0.537799931,-16.72379175,1.724817372
1,Bruiser,Pasture,Apr,2010,male,4,AminDW,9.05,106.95,6.9957,-0.555620328,2.117799931,-60.97379175,3.541417372
0,Bruiser,Unknown,Apr,2010,male,5,AminDW,8.26,220.01,2.7577,0.444379672,1.327799931,52.08620825,-0.696582628
0,Bruiser,Pasture,Apr,2010,male,5,AminDW,5.34,246.35,1.6144,0.444379672,-1.592200069,78.42620825,-1.839882628
0,Bruiser,Pasture,Apr,2010,male,5,AminDP,6.49,188.03,1.2102,0.444379672,-0.442200069,20.10620825,-2.244082628
0,Bruiser,Unknown,Apr,2010,male,5,AminSW,3.93,110.17,0.4555,0.444379672,-3.002200069,-57.75379175,-2.998782628
3,Bruiser,Unknown,Apr,2010,male,4,AminSP,5.45,202.15,3.2376,-0.555620328,-1.482200069,34.22620825,-0.216682628
0,Bruiser,Pasture,Apr,2010,male,5,AminDW,4.1,173.75,5.674,0.444379672,-2.832200069,5.826208253,2.219717372
0,Bruiser,Unknown,Apr,2010,male,5,AminDP,4.93,81.37,1.017,0.444379672,-2.002200069,-86.55379175,-2.437282628
0,Bruiser,Human,Apr,2010,male,5,AminSP,4.67,168.29,0.6657,0.444379672,-2.262200069,0.366208253,-2.788582628
0,Bruiser,Human,Apr,2010,male,5,AminDW,2.66,229.41,0.207,0.444379672,-4.272200069,61.48620825,-3.247282628
0,Bruiser,Pasture,Apr,2010,male,5,AminSW,3.69,214.87,0.4633,0.444379672,-3.242200069,46.94620825,-2.990982628
0,Bruiser,Human,Apr,2010,male,5,AminDP,8.01,159.27,1.1834,0.444379672,1.077799931,-8.653791747,-2.270882628
0,Bruiser,Human,Apr,2010,male,5,AminDW,5.5,164.74,0.1776,0.444379672,-1.432200069,-3.183791747,-3.276682628
0,Bruiser,Human,Apr,2010,male,5,AminDW,6.08,8.75,0.0688,0.444379672,-0.852200069,-159.1737917,-3.385482628
8,Bruiser,Arable,Apr,2010,male,4,AminSP,3,168.75,1.094,-0.555620328,-3.932200069,0.826208253,-2.360282628
4,Bruiser,Pasture,Apr,2010,male,4,AminSP,4.82,106.99,2.7833,-0.555620328,-2.112200069,-60.93379175,-0.670982628
1,Bruiser,Uncultivated,Apr,2010,male,4,AminDP,11.52,301.68,1.5972,-0.555620328,4.587799931,133.7562083,-1.857082628
3,Bruiser,Pasture,Apr,2010,male,4,AminDP,5.45,207.44,1.0495,-0.555620328,-1.482200069,39.51620825,-2.404782628
0,Bruiser,Uncultivated,Apr,2010,male,5,AminDW,7.12,123.71,0.5637,0.444379672,0.187799931,-44.21379175,-2.890582628
7,Carla,Pasture,Apr,2010,female,4,AminDP,3.77,161.09,2.3074,-0.555620328,-3.162200069,-6.833791747,-1.146882628
0,Carla,Pasture,Apr,2010,female,5,AminDP,6.79,115.25,1.3638,0.444379672,-0.142200069,-52.67379175,-2.090482628
13,Carla,Pasture,Apr,2010,female,4,AminDP,6.09,167.64,4.4694,-0.555620328,-0.842200069,-0.283791747,1.015117372
0,Carla,Pasture,Apr,2010,female,5,AminDP,6.93,201.24,0.2248,0.444379672,-0.002200069,33.31620825,-3.229482628
17,Carla,Pasture,Apr,2010,female,4,AminSP,5.12,137.5,4.1818,-0.555620328,-1.812200069,-30.42379175,0.727517372
0,Carla,Human,Apr,2010,female,5,AminSP,8.19,108.72,1.508,0.444379672,1.257799931,-59.20379175,-1.946282628
2,Carla,Pasture,Apr,2010,female,4,AminDW,4.56,186.61,3.6856,-0.555620328,-2.372200069,18.68620825,0.231317372
2,Carla,Uncultivated,Apr,2010,female,4,AminDP,5.81,169.59,0.6831,-0.555620328,-1.122200069,1.666208253,-2.771182628
1,Carla,Pasture,Apr,2010,female,4,AminDP,4.7,223.19,1.281,-0.555620328,-2.232200069,55.26620825,-2.173282628
0,Dolly,Woodland,Apr,2010,female,5,AminDP,3.1,144.96,1.5976,0.444379672,-3.832200069,-22.96379175,-1.856682628
31,Dolly,Pasture,Apr,2010,female,4,AminDP,5.55,227.15,6.1321,-0.555620328,-1.382200069,59.22620825,2.677817372
2,Dolly,Pasture,Apr,2010,female,4,AminDP,4.33,158.99,2.2843,-0.555620328,-2.602200069,-8.933791747,-1.169982628
0,Dolly,Pasture,Apr,2010,female,5,AminDP,7.29,101.24,0.7448,0.444379672,0.357799931,-66.68379175,-2.709482628
9,Dolly,Pasture,Apr,2010,female,4,AminDP,7.06,166.06,3.683,-0.555620328,0.127799931,-1.863791747,0.228717372
1,Dolly,Pasture,Apr,2010,female,4,AminDP,4.11,153.71,5.733,-0.555620328,-2.822200069,-14.21379175,2.278717372
2,Dolly,Pasture,Apr,2010,female,4,AminDP,5.3,186.15,1.5063,-0.555620328,-1.632200069,18.22620825,-1.947982628
2,Dolly,Pasture,Apr,2010,female,4,AminDP,3.26,188.07,0.276,-0.555620328,-3.672200069,20.14620825,-3.178282628
1,Dolly,Pasture,Apr,2010,female,4,AminDP,7.1,109.82,1.2143,-0.555620328,0.167799931,-58.10379175,-2.239982628
0,Dolly,Pasture,Apr,2010,female,5,AminDP,6.43,137.98,0.4904,0.444379672,-0.502200069,-29.94379175,-2.963882628
2,Dolly,Woodland,Apr,2010,female,4,AminSP,7.2,139.69,37.1236,-0.555620328,0.267799931,-28.23379175,33.66931737
0,Dolly,Pasture,Apr,2010,female,5,AminDP,6.59,167.12,1.6068,0.444379672,-0.342200069,-0.803791747,-1.847482628
0,Dolly,Human,Apr,2010,female,5,AminDP,5.91,154.37,0.482,0.444379672,-1.022200069,-13.55379175,-2.972282628
0,Dolly,Pasture,Apr,2010,female,5,AminDP,5.33,273.95,1.077,0.444379672,-1.602200069,106.0262083,-2.377282628
2,Dolly,Pasture,Apr,2010,female,4,AminDP,4.54,172.96,1.4756,-0.555620328,-2.392200069,5.036208253,-1.978682628
0,George,Arable,Apr,2010,male,4,AminDP,5.89,238.32,5.6196,-0.555620328,-1.042200069,70.39620825,2.165317372
6,George,Pasture,Apr,2010,male,3,AminDP,7.4,182.71,2.9881,-1.555620328,0.467799931,14.78620825,-0.466182628
0,George,Pasture,Apr,2010,male,4,AminDW,7.4,208.9,3.9046,-0.555620328,0.467799931,40.97620825,0.450317372
1,George,Pasture,Apr,2010,male,3,AminDP,5.72,161.13,3.0953,-1.555620328,-1.212200069,-6.793791747,-0.358982628
0,George,Human,Apr,2010,male,4,AminDP,6.19,144.21,1.1258,-0.555620328,-0.742200069,-23.71379175,-2.328482628
0,George,Uncultivated,Apr,2010,male,4,AminDP,3.74,240.71,0.1058,-0.555620328,-3.192200069,72.78620825,-3.348482628
0,George,Human,Apr,2010,male,4,AminDW,6.68,143.3,0.3066,-0.555620328,-0.252200069,-24.62379175,-3.147682628
0,George,Unknown,Apr,2010,male,4,AminDW,5.37,211.83,0.7486,-0.555620328,-1.562200069,43.90620825,-2.705682628
14,George,Pasture,Apr,2010,male,3,AminSP,7.12,198.9,1.7247,-1.555620328,0.187799931,30.97620825,-1.729582628
37,George,Pasture,Apr,2010,male,3,AminSP,5.12,137.5,4.1818,-1.555620328,-1.812200069,-30.42379175,0.727517372
0,George,Woodland,Apr,2010,male,4,AminSP,10.3,45.73,1.1607,-0.555620328,3.367799931,-122.1937917,-2.293582628
0,George,Pasture,Apr,2010,male,4,AminDP,1.35,329.04,0.1066,-0.555620328,-5.582200069,161.1162083,-3.347682628
0,George,Human,Apr,2010,male,4,AminDP,4.25,294.09,0.1916,-0.555620328,-2.682200069,126.1662083,-3.262682628
1,George,Pasture,Apr,2010,male,3,AminDP,6.41,223.89,2.9154,-1.555620328,-0.522200069,55.96620825,-0.538882628
2,Ray,Pasture,Apr,2010,male,2,AminSP,4.45,151.44,7.5657,-2.555620328,-2.482200069,-16.48379175,4.111417372
7,Ray,Pasture,Apr,2010,male,2,AlluvMIN,3.98,246.7,3.7482,-2.555620328,-2.952200069,78.77620825,0.293917372
0,Ray,Pasture,Apr,2010,male,3,AminDP,8.68,109.44,2.5117,-1.555620328,1.747799931,-58.48379175,-0.942582628
0,Ray,Pasture,Apr,2010,male,3,AminDP,7.26,228.36,2.2019,-1.555620328,0.327799931,60.43620825,-1.252382628
0,Ray,Arable,Apr,2010,male,3,AminDP,5.48,217.45,2.0749,-1.555620328,-1.452200069,49.52620825,-1.379382628
0,Ray,Pasture,Apr,2010,male,3,AminDP,5.91,192.47,6.1116,-1.555620328,-1.022200069,24.54620825,2.657317372
1,Ray,Pasture,Apr,2010,male,2,AminDP,8.21,144.21,1.8086,-2.555620328,1.277799931,-23.71379175,-1.645682628
0,Ray,Human,Apr,2010,male,3,AminDP,6.51,245.97,0.2097,-1.555620328,-0.422200069,78.04620825,-3.244582628
2,Ray,Pasture,Apr,2010,male,2,AminDP,5.72,161.13,3.0953,-2.555620328,-1.212200069,-6.793791747,-0.358982628
0,Ray,Pasture,Apr,2010,male,3,AlluvMIN,3.02,144.35,2.3436,-1.555620328,-3.912200069,-23.57379175,-1.110682628
0,Ray,REPS Habitat,Apr,2010,male,3,AminDP,6.18,258.54,0.5706,-1.555620328,-0.752200069,90.61620825,-2.883682628
0,Ray,Pasture,Apr,2010,male,3,AminSW,12.09,247.7,2.7573,-1.555620328,5.157799931,79.77620825,-0.696982628
0,Ray,Pasture,Apr,2010,male,3,AminSP,10.24,242.1,1.816,-1.555620328,3.307799931,74.17620825,-1.638282628
0,Ray,Unknown,Apr,2010,male,3,AminDP,3.9,189.18,2.2078,-1.555620328,-3.032200069,21.25620825,-1.246482628
0,Ray,Human,Apr,2010,male,3,AminDP,4.55,163.92,2.2893,-1.555620328,-2.382200069,-4.003791747,-1.164982628
0,Ray,Unknown,Apr,2010,male,3,AminSP,5.72,231.1,0.6265,-1.555620328,-1.212200069,63.17620825,-2.827782628
0,Ray,Pasture,Apr,2010,male,3,AminSP,11.28,61.31,1.4176,-1.555620328,4.347799931,-106.6137917,-2.036682628
3,Ray,Pasture,Apr,2010,male,2,AminSP,11.24,277.26,2.2197,-2.555620328,4.307799931,109.3362083,-1.234582628
0,Ray,Pasture,Apr,2010,male,3,AlluvMIN,3.82,175.18,3.2696,-1.555620328,-3.112200069,7.256208253,-0.184682628
0,Ray,Human,Apr,2010,male,3,AminSW,7.05,153.51,0.2846,-1.555620328,0.117799931,-14.41379175,-3.169682628
1,Ray,Woodland,Apr,2010,male,2,AminDP,5.89,208.13,2.7619,-2.555620328,-1.042200069,40.20620825,-0.692382628
1,Ray,Arable,Apr,2010,male,2,AminDP,7.33,280.56,1.1091,-2.555620328,0.397799931,112.6362083,-2.345182628
0,Romeo,Pasture,Apr,2010,male,5,AminSW,9.65,173.02,2.4376,0.444379672,2.717799931,5.096208253,-1.016682628
0,Romeo,Human,Apr,2010,male,5,AminSW,9.99,206.54,0.6257,0.444379672,3.057799931,38.61620825,-2.828582628
1,Romeo,Unknown,Apr,2010,male,4,AminDW,9.26,116.68,3.158,-0.555620328,2.327799931,-51.24379175,-0.296282628
2,Romeo,Human,Apr,2010,male,4,AminDW,5.99,209.67,0.7256,-0.555620328,-0.942200069,41.74620825,-2.728682628
1,Romeo,Arable,Apr,2010,male,4,AminDP,6.68,138.27,12.0195,-0.555620328,-0.252200069,-29.65379175,8.565217372
0,Romeo,Arable,Apr,2010,male,5,AminDW,6.02,127.76,4.6852,0.444379672,-0.912200069,-40.16379175,1.230917372
0,Romeo,Pasture,Apr,2010,male,5,AminDW,7.98,96.83,6.422,0.444379672,1.047799931,-71.09379175,2.967717372
18,Romeo,Arable,Apr,2010,male,4,AminSW,7.01,109.82,8.4842,-0.555620328,0.077799931,-58.10379175,5.029917372
0,Romeo,Woodland,Apr,2010,male,5,AminSW,5.03,174.49,0.589,0.444379672,-1.902200069,6.566208253,-2.865282628
0,Romeo,Human,Apr,2010,male,5,AminSW,4.43,130.09,0.4589,0.444379672,-2.502200069,-37.83379175,-2.995382628
2,Romeo,Pasture,Apr,2010,male,4,AminDW,12.18,178.66,2.99,-0.555620328,5.247799931,10.73620825,-0.464282628
1,Romeo,Pasture,Apr,2010,male,4,AminSW,12.01,114.08,2.0734,-0.555620328,5.077799931,-53.84379175,-1.380882628
0,Romeo,Pasture,Apr,2010,male,5,AminDW,8.32,74.94,3.7231,0.444379672,1.387799931,-92.98379175,0.268817372
1,Romeo,Pasture,Apr,2010,male,4,AminSW,15.01,269.52,1.956,-0.555620328,8.077799931,101.5962083,-1.498282628
1,Romeo,Pasture,Apr,2010,male,4,AminDW,10.11,200.26,2.9071,-0.555620328,3.177799931,32.33620825,-0.547182628
0,Romeo,Pasture,Apr,2010,male,5,AminSW,12.46,221.78,2.3504,0.444379672,5.527799931,53.85620825,-1.103882628
0,Romeo,Unknown,Apr,2010,male,5,AminSW,7.36,293.85,0.6919,0.444379672,0.427799931,125.9262083,-2.762382628
0,Romeo,Arable,Apr,2010,male,5,AminDW,8.53,230.28,6.3387,0.444379672,1.597799931,62.35620825,2.884417372
7,Ronnie,Pasture,Apr,2010,male,4,AminDP,3.58,127.96,2.1851,-0.555620328,-3.352200069,-39.96379175,-1.269182628
29,Ronnie,Pasture,Apr,2010,male,4,AminSP,8.02,157.49,5.6054,-0.555620328,1.087799931,-10.43379175,2.151117372
1,Ronnie,Pasture,Apr,2010,male,4,AminDP,5.11,109.94,1.8928,-0.555620328,-1.822200069,-57.98379175,-1.561482628
1,Ronnie,Pasture,Apr,2010,male,4,AminDP,3.37,158.44,2.1227,-0.555620328,-3.562200069,-9.483791747,-1.331582628
2,Ronnie,Pasture,Apr,2010,male,4,AminDP,5.54,163.38,1.8814,-0.555620328,-1.392200069,-4.543791747,-1.572882628
0,Ronnie,Pasture,Apr,2010,male,5,AminDP,10.7,314.53,0.349,0.444379672,3.767799931,146.6062083,-3.105282628
0,Ronnie,Pasture,Apr,2010,male,5,AminDP,4.7,223.19,1.281,0.444379672,-2.232200069,55.26620825,-2.173282628
0,Sheila,Pasture,Apr,2010,female,3,AminDP,5.23,149.51,2.611,-1.555620328,-1.702200069,-18.41379175,-0.843282628
0,Sheila,Pasture,Apr,2010,female,3,AminDP,4.08,206.29,2.1148,-1.555620328,-2.852200069,38.36620825,-1.339482628
1,Sheila,Pasture,Apr,2010,female,2,AminDW,7.99,79.95,5.1949,-2.555620328,1.057799931,-87.97379175,1.740617372
0,Sheila,Pasture,Apr,2010,female,3,AminDP,3.9,117.99,1.3118,-1.555620328,-3.032200069,-49.93379175,-2.142482628
1,Sheila,Uncultivated,Apr,2010,female,2,AminSP,7.32,180.16,3.4342,-2.555620328,0.387799931,12.23620825,-0.020082628
0,Sheila,Pasture,Apr,2010,female,3,AminDW,7.95,40.85,1.8067,-1.555620328,1.017799931,-127.0737917,-1.647582628
0,Sheila,Pasture,Apr,2010,female,3,AminSW,4.54,77.18,0.7622,-1.555620328,-2.392200069,-90.74379175,-2.692082628
0,Sheila,Pasture,Apr,2010,female,3,AminDW,8.6,79.17,2.7435,-1.555620328,1.667799931,-88.75379175,-0.710782628
0,Sheila,Human,Apr,2010,female,3,AminDP,9.02,270.31,1.3263,-1.555620328,2.087799931,102.3862083,-2.127982628
0,Sheila,Pasture,Apr,2010,female,3,AminDP,5.59,166.24,3.5363,-1.555620328,-1.342200069,-1.683791747,0.082017372
0,Sheila,Uncultivated,Apr,2010,female,3,AlluvMIN,2.97,140.65,0.2447,-1.555620328,-3.962200069,-27.27379175,-3.209582628
2,Sheila,Woodland,Apr,2010,female,2,AminSP,7.2,139.69,37.1236,-2.555620328,0.267799931,-28.23379175,33.66931737
0,Sheila,Pasture,Apr,2010,female,3,AminSP,8.86,82.95,8.5086,-1.555620328,1.927799931,-84.97379175,5.054317372
0,Sheila,Human,Apr,2010,female,3,AminDP,4,190.01,0.1783,-1.555620328,-2.932200069,22.08620825,-3.275982628
2,Sheila,Arable,Apr,2010,female,2,AminSP,3,168.75,1.094,-2.555620328,-3.932200069,0.826208253,-2.360282628
1,Tyson,Arable,Apr,2010,male,3,AminDW,7.43,202.75,15.9857,-1.555620328,0.497799931,34.82620825,12.53141737
7,Tyson,Pasture,Apr,2010,male,3,AminSP,10.95,226.5,6.8694,-1.555620328,4.017799931,58.57620825,3.415117372
0,Tyson,Pasture,Apr,2010,male,4,AminSW,10.7,245.53,0.1848,-0.555620328,3.767799931,77.60620825,-3.269482628
1,Tyson,Pasture,Apr,2010,male,3,AminSW,9.24,201.71,5.6477,-1.555620328,2.307799931,33.78620825,2.193417372
6,Tyson,Pasture,Apr,2010,male,3,AminDW,14.98,289.35,1.6093,-1.555620328,8.047799931,121.4262083,-1.844982628
1,Tyson,Pasture,Apr,2010,male,3,AminDW,8.38,311.2,0.5254,-1.555620328,1.447799931,143.2762083,-2.928882628
16,Tyson,Pasture,Apr,2010,male,3,AminDW,7.4,208.9,3.9046,-1.555620328,0.467799931,40.97620825,0.450317372
14,Tyson,Pasture,Apr,2010,male,3,AminSW,6.1,222.74,3.8023,-1.555620328,-0.832200069,54.81620825,0.348017372
0,Tyson,Human,Apr,2010,male,4,AminDW,8.84,198.37,0.5706,-0.555620328,1.907799931,30.44620825,-2.883682628
1,Tyson,Unknown,Apr,2010,male,3,AminDW,5.37,211.83,0.7486,-1.555620328,-1.562200069,43.90620825,-2.705682628
0,Tyson,Human,Apr,2010,male,4,AminSW,7.19,167.6,0.6966,-0.555620328,0.257799931,-0.323791747,-2.757682628
5,Tyson,Unknown,Apr,2010,male,3,AminSW,11.54,244.02,5.2125,-1.555620328,4.607799931,76.09620825,1.758217372
0,Tyson,Pasture,Apr,2010,male,4,AminSW,3.59,129.03,0.8222,-0.555620328,-3.342200069,-38.89379175,-2.632082628
0,Tyson,Pasture,Apr,2010,male,4,AminSW,3.67,193.92,1.4347,-0.555620328,-3.262200069,25.99620825,-2.019582628
3,Tyson,Arable,Apr,2010,male,3,AminSW,7.01,109.82,8.4842,-1.555620328,0.077799931,-58.10379175,5.029917372
0,Tyson,Human,Apr,2010,male,4,AminSW,5.79,155.3,0.1846,-0.555620328,-1.142200069,-12.62379175,-3.269682628
0,Tyson,Pasture,Apr,2010,male,4,AminSW,9.35,247.37,0.6474,-0.555620328,2.417799931,79.44620825,-2.806882628
2,Yvonne,Woodland,Apr,2010,female,2,AminSW,12.37,194.33,32.0537,-2.555620328,5.437799931,26.40620825,28.59941737
0,Yvonne,Unknown,Apr,2010,female,3,AminSW,6.8,184.86,4.049,-1.555620328,-0.132200069,16.93620825,0.594717372
1,Yvonne,Pasture,Apr,2010,female,2,AminSW,7.5,206.56,3.967,-2.555620328,0.567799931,38.63620825,0.512717372
1,Yvonne,Woodland,Apr,2010,female,2,AminDW,7.5,188.34,0.4182,-2.555620328,0.567799931,20.41620825,-3.036082628
1,Bluebell,Pasture,Apr,2010,female,2,AminSP,6.19,178.72,4.374,-2.555620328,-0.742200069,10.79620825,0.919717372
0,Bluebell,Pasture,Apr,2010,female,3,AminSP,6.14,136.93,1.7925,-1.555620328,-0.792200069,-30.99379175,-1.661782628
0,Bluebell,Pasture,Apr,2010,female,3,AlluvMIN,3.21,121.48,3.5832,-1.555620328,-3.722200069,-46.44379175,0.128917372
0,Bluebell,Pasture,Apr,2010,female,3,AminDP,7.26,228.36,2.2019,-1.555620328,0.327799931,60.43620825,-1.252382628
1,Bluebell,Arable,Apr,2010,female,2,AminDP,5.48,217.45,2.0749,-2.555620328,-1.452200069,49.52620825,-1.379382628
0,Bluebell,Pasture,Apr,2010,female,3,AminDP,5.91,192.47,6.1116,-1.555620328,-1.022200069,24.54620825,2.657317372
2,Bluebell,Pasture,Apr,2010,female,2,AminDP,6.77,219.24,1.964,-2.555620328,-0.162200069,51.31620825,-1.490282628
0,Bluebell,Human,Apr,2010,female,3,AminDP,8.18,237.63,0.1027,-1.555620328,1.247799931,69.70620825,-3.351582628
0,Bluebell,Pasture,Apr,2010,female,3,AlluvMIN,3.99,210.43,2.6098,-1.555620328,-2.942200069,42.50620825,-0.844482628
4,Bluebell,Pasture,Apr,2010,female,2,AminDP,4.5,209.53,2.9154,-2.555620328,-2.432200069,41.60620825,-0.538882628
0,Bluebell,Human,Apr,2010,female,3,AminSW,4.84,228.18,1.4788,-1.555620328,-2.092200069,60.25620825,-1.975482628
0,Bluebell,Human,Apr,2010,female,3,AminSP,6.94,200.73,0.2864,-1.555620328,0.007799931,32.80620825,-3.167882628
0,Bluebell,Unknown,Apr,2010,female,3,AminSW,10.31,158.34,2.1208,-1.555620328,3.377799931,-9.583791747,-1.333482628
0,Bluebell,Uncultivated,Apr,2010,female,3,AminDP,4.15,181.4,0.238,-1.555620328,-2.782200069,13.47620825,-3.216282628
0,Bluebell,Unknown,Apr,2010,female,3,AminSP,5.72,231.1,0.6265,-1.555620328,-1.212200069,63.17620825,-2.827782628
0,Bluebell,Unknown,Apr,2010,female,3,AminSP,9.21,227.54,1.4847,-1.555620328,2.277799931,59.61620825,-1.969582628
2,Bluebell,Unknown,Apr,2010,female,2,AminDP,3.92,182.83,5.064,-2.555620328,-3.012200069,14.90620825,1.609717372
0,Bluebell,Woodland,Apr,2010,female,3,AlluvMIN,2.82,225.67,1.7509,-1.555620328,-4.112200069,57.74620825,-1.703382628
0,Bluebell,Human,Apr,2010,female,3,AminSW,7.05,153.51,0.2846,-1.555620328,0.117799931,-14.41379175,-3.169682628
1,Bluebell,Woodland,Apr,2010,female,2,AminDP,5.89,208.13,2.7619,-2.555620328,-1.042200069,40.20620825,-0.692382628
2,Bluebell,Arable,Apr,2010,female,2,AminDP,7.33,280.56,1.1091,-2.555620328,0.397799931,112.6362083,-2.345182628
0,Bruiser,Pasture,Apr,2010,male,5,AminSP,5.72,155.76,2.7076,0.444379672,-1.212200069,-12.16379175,-0.746682628
1,Bruiser,Pasture,Apr,2010,male,4,AminDP,7.17,171.83,0.974,-0.555620328,0.237799931,3.906208253,-2.480282628
0,Bruiser,Unknown,Apr,2010,male,5,AminSW,5.18,136.4,3.759,0.444379672,-1.752200069,-31.52379175,0.304717372
3,Bruiser,Arable,Apr,2010,male,4,AminSP,3.6,169.21,1.3402,-0.555620328,-3.332200069,1.286208253,-2.114082628
1,Bruiser,Pasture,Apr,2010,male,4,AminDP,8.63,182.09,4.1046,-0.555620328,1.697799931,14.16620825,0.650317372
0,Bruiser,Woodland,Apr,2010,male,5,AminDP,8.56,124.96,1.2812,0.444379672,1.627799931,-42.96379175,-2.173082628
0,Bruiser,Pasture,Apr,2010,male,5,AminDW,4.28,182.46,0.6232,0.444379672,-2.652200069,14.53620825,-2.831082628
0,Bruiser,Woodland,Apr,2010,male,5,AlluvMIN,5.09,162.07,5.1842,0.444379672,-1.842200069,-5.853791747,1.729917372
0,Bruiser,Arable,Apr,2010,male,5,AminDW,9.21,143,5.2679,0.444379672,2.277799931,-24.92379175,1.813617372
0,Bruiser,Pasture,Apr,2010,male,5,AminDW,12.05,101.29,3.1413,0.444379672,5.117799931,-66.63379175,-0.312982628
1,Bruiser,Pasture,Apr,2010,male,4,AminSW,6.77,97.1,5.5551,-0.555620328,-0.162200069,-70.82379175,2.100817372
0,Bruiser,Pasture,Apr,2010,male,5,AminDP,5.37,102.39,1.2169,0.444379672,-1.562200069,-65.53379175,-2.237382628
0,Bruiser,Pasture,Apr,2010,male,5,AminDP,5.79,154.75,2.331,0.444379672,-1.142200069,-13.17379175,-1.123282628
0,Bruiser,Pasture,Apr,2010,male,5,AminDW,11.68,116.18,0.5128,0.444379672,4.747799931,-51.74379175,-2.941482628
0,Bruiser,Pasture,Apr,2010,male,5,AminSP,10.12,185.87,4.836,0.444379672,3.187799931,17.94620825,1.381717372
0,Bruiser,Human,Apr,2010,male,5,AminSP,21.49,217.68,0.4404,0.444379672,14.55779993,49.75620825,-3.013882628
2,Bruiser,Pasture,Apr,2010,male,4,AminDP,6.85,86.76,3.3729,-0.555620328,-0.082200069,-81.16379175,-0.081382628
0,Bruiser,Uncultivated,Apr,2010,male,5,AminSP,5.3,147.22,2.1314,0.444379672,-1.632200069,-20.70379175,-1.322882628
0,Bruiser,Uncultivated,Apr,2010,male,5,AminDP,7.06,182.29,1.0315,0.444379672,0.127799931,14.36620825,-2.422782628
0,Bruiser,Human,Apr,2010,male,5,AminSW,6.67,195.26,18.8425,0.444379672,-0.262200069,27.33620825,15.38821737
1,Bruiser,Woodland,Apr,2010,male,4,AminSP,7.2,139.69,37.1236,-0.555620328,0.267799931,-28.23379175,33.66931737
0,Bruiser,Pasture,Apr,2010,male,5,AminSW,6.35,100.39,3.817,0.444379672,-0.582200069,-67.53379175,0.362717372
0,Bruiser,Pasture,Apr,2010,male,5,AminSW,7.39,174.46,9.9861,0.444379672,0.457799931,6.536208253,6.531817372
0,Bruiser,Uncultivated,Apr,2010,male,5,AminDW,8.37,123.26,4.9431,0.444379672,1.437799931,-44.66379175,1.488817372
0,Bruiser,Human,Apr,2010,male,5,AminDP,4,190.01,0.1783,0.444379672,-2.932200069,22.08620825,-3.275982628
1,Bruiser,Human,Apr,2010,male,4,AminDW,4.17,228.98,1.261,-0.555620328,-2.762200069,61.05620825,-2.193282628
1,Bruiser,Arable,Apr,2010,male,4,AminSP,3,168.75,1.094,-0.555620328,-3.932200069,0.826208253,-2.360282628
19,Bruiser,Pasture,Apr,2010,male,4,AminSP,4.82,106.99,2.7833,-0.555620328,-2.112200069,-60.93379175,-0.670982628
0,Bruiser,Uncultivated,Apr,2010,male,5,AminDP,11.52,301.68,1.5972,0.444379672,4.587799931,133.7562083,-1.857082628
0,Bruiser,Uncultivated,Apr,2010,male,5,AminDW,7.12,123.71,0.5637,0.444379672,0.187799931,-44.21379175,-2.890582628
1,Carla,Pasture,Apr,2010,female,4,AminDP,6.79,115.25,1.3638,-0.555620328,-0.142200069,-52.67379175,-2.090482628
7,Carla,Pasture,Apr,2010,female,4,AminDP,6.09,167.64,4.4694,-0.555620328,-0.842200069,-0.283791747,1.015117372
0,Carla,Pasture,Apr,2010,female,5,AminDP,5.72,161.13,3.0953,0.444379672,-1.212200069,-6.793791747,-0.358982628
1,Carla,Human,Apr,2010,female,4,AminDP,6.19,144.21,1.1258,-0.555620328,-0.742200069,-23.71379175,-2.328482628
2,Carla,Pasture,Apr,2010,female,4,AminSP,5.12,137.5,4.1818,-0.555620328,-1.812200069,-30.42379175,0.727517372
0,Carla,Pasture,Apr,2010,female,5,AminDP,0,0,1.8653,0.444379672,-6.932200069,-167.9237917,-1.588982628
0,Carla,Pasture,Apr,2010,female,5,AminDP,1.35,329.04,0.1066,0.444379672,-5.582200069,161.1162083,-3.347682628
0,Carla,Arable,Apr,2010,female,5,AlluvMIN,4.56,178.09,1.4324,0.444379672,-2.372200069,10.16620825,-2.021882628
0,Dolly,Arable,Apr,2010,female,5,AminDP,6.16,180.06,6.2074,0.444379672,-0.772200069,12.13620825,2.753117372
1,Dolly,Pasture,Apr,2010,female,4,AminDP,7.06,160.09,3.4086,-0.555620328,0.127799931,-7.833791747,-0.045682628
0,Dolly,Pasture,Apr,2010,female,5,AminDP,5.56,196.6,3.2121,0.444379672,-1.372200069,28.67620825,-0.242182628
5,Dolly,Pasture,Apr,2010,female,4,AminDP,6.97,143.61,2.2811,-0.555620328,0.037799931,-24.31379175,-1.173182628
0,Dolly,Pasture,Apr,2010,female,5,AminDP,4.29,131.23,4.4519,0.444379672,-2.642200069,-36.69379175,0.997617372
0,Dolly,Pasture,Apr,2010,female,5,AminDP,2.84,195.05,1.883,0.444379672,-4.092200069,27.12620825,-1.571282628
0,Dolly,Unknown,Apr,2010,female,5,AminSP,6.34,107.55,4.1745,0.444379672,-0.592200069,-60.37379175,0.720217372
0,Dolly,Pasture,Apr,2010,female,5,AminDP,5,138.64,8.1191,0.444379672,-1.932200069,-29.28379175,4.664817372
0,Dolly,Arable,Apr,2010,female,5,AminDP,5.98,154.53,4.829,0.444379672,-0.952200069,-13.39379175,1.374717372
0,Dolly,Pasture,Apr,2010,female,5,AminDP,6.63,210.19,4.2686,0.444379672,-0.302200069,42.26620825,0.814317372
1,Dolly,Pasture,Apr,2010,female,4,AminDP,5.92,84.24,0.3886,-0.555620328,-1.012200069,-83.68379175,-3.065682628
1,Dolly,Pasture,Apr,2010,female,4,AminDP,4.47,149.88,4.3256,-0.555620328,-2.462200069,-18.04379175,0.871317372
1,Dolly,Pasture,Apr,2010,female,4,AminDP,4.46,203.88,3.5363,-0.555620328,-2.472200069,35.95620825,0.082017372
0,Dolly,Woodland,Apr,2010,female,5,AminDP,6.04,173.27,4.0921,0.444379672,-0.892200069,5.346208253,0.637817372
0,Dolly,Woodland,Apr,2010,female,5,AminSP,3.71,155.59,0.3002,0.444379672,-3.222200069,-12.33379175,-3.154082628
0,Dolly,Human,Apr,2010,female,5,AminDP,9.31,219.57,0.7209,0.444379672,2.377799931,51.64620825,-2.733382628
0,Dolly,Pasture,Apr,2010,female,5,AminDP,6.59,167.12,1.6068,0.444379672,-0.342200069,-0.803791747,-1.847482628
0,Dolly,Human,Apr,2010,female,5,AminDP,5.91,154.37,0.482,0.444379672,-1.022200069,-13.55379175,-2.972282628
1,Dolly,Woodland,Apr,2010,female,4,AminDP,5.49,224.47,1.4863,-0.555620328,-1.442200069,56.54620825,-1.967982628
13,Dolly,Pasture,Apr,2010,female,4,AminDP,8.36,316.53,0.6296,-0.555620328,1.427799931,148.6062083,-2.824682628
0,Dolly,Pasture,Apr,2010,female,5,AminDP,4.09,207.95,1.7577,0.444379672,-2.842200069,40.02620825,-1.696582628
1,George,Unknown,Apr,2010,male,3,AminDW,8.73,80.33,2.3996,-1.555620328,1.797799931,-87.59379175,-1.054682628
0,George,Pasture,Apr,2010,male,4,AminDP,3.77,161.09,2.3074,-0.555620328,-3.162200069,-6.833791747,-1.146882628
1,George,Pasture,Apr,2010,male,3,AminDP,8.68,109.44,2.5117,-1.555620328,1.747799931,-58.48379175,-0.942582628
0,George,Pasture,Apr,2010,male,4,AminDP,5.25,177.1,1.2445,-0.555620328,-1.682200069,9.176208253,-2.209782628
0,George,Pasture,Apr,2010,male,4,AminDP,5.11,109.94,1.8928,-0.555620328,-1.822200069,-57.98379175,-1.561482628
5,George,Pasture,Apr,2010,male,3,AminDP,3.37,158.44,2.1227,-1.555620328,-3.562200069,-9.483791747,-1.331582628
5,George,Pasture,Apr,2010,male,3,AminSP,7.84,205.32,3.0735,-1.555620328,0.907799931,37.39620825,-0.380782628
4,George,Pasture,Apr,2010,male,3,AminDP,6.76,69,1.026,-1.555620328,-0.172200069,-98.92379175,-2.428282628
0,George,Pasture,Apr,2010,male,4,AminDP,5.54,163.38,1.8814,-0.555620328,-1.392200069,-4.543791747,-1.572882628
0,George,Pasture,Apr,2010,male,4,AminDP,6.53,70.86,1.1824,-0.555620328,-0.402200069,-97.06379175,-2.271882628
0,George,Human,Apr,2010,male,4,AminDW,12.19,60.07,0.4582,-0.555620328,5.257799931,-107.8537917,-2.996082628
0,George,Uncultivated,Apr,2010,male,4,AminDP,5.81,169.59,0.6831,-0.555620328,-1.122200069,1.666208253,-2.771182628
1,George,Uncultivated,Apr,2010,male,3,AminDP,4.78,120.31,0.2945,-1.555620328,-2.152200069,-47.61379175,-3.159782628
0,George,Human,Apr,2010,male,4,AminDP,4.25,294.09,0.1916,-0.555620328,-2.682200069,126.1662083,-3.262682628
2,George,Pasture,Apr,2010,male,3,AminDP,4.7,223.19,1.281,-1.555620328,-2.232200069,55.26620825,-2.173282628
1,Ray,Pasture,Apr,2010,male,2,AminSP,6.19,178.72,4.374,-2.555620328,-0.742200069,10.79620825,0.919717372
0,Ray,Pasture,Apr,2010,male,3,AminSP,6.14,136.93,1.7925,-1.555620328,-0.792200069,-30.99379175,-1.661782628
0,Ray,Pasture,Apr,2010,male,3,AlluvMIN,3.21,121.48,3.5832,-1.555620328,-3.722200069,-46.44379175,0.128917372
0,Ray,Pasture,Apr,2010,male,3,AminDP,5.98,233.67,3.1266,-1.555620328,-0.952200069,65.74620825,-0.327682628
1,Ray,Arable,Apr,2010,male,2,AminDP,6.24,212.74,3.0407,-2.555620328,-0.692200069,44.81620825,-0.413582628
0,Ray,Pasture,Apr,2010,male,3,AminDP,5.91,192.47,6.1116,-1.555620328,-1.022200069,24.54620825,2.657317372
0,Ray,Pasture,Apr,2010,male,3,AminDP,6.77,219.24,1.964,-1.555620328,-0.162200069,51.31620825,-1.490282628
0,Ray,Human,Apr,2010,male,3,AminDP,8.47,247.62,0.0983,-1.555620328,1.537799931,79.69620825,-3.355982628
0,Ray,Pasture,Apr,2010,male,3,AminSP,4.3,172.61,3.7097,-1.555620328,-2.632200069,4.686208253,0.255417372
4,Ray,Pasture,Apr,2010,male,2,AlluvMIN,3.78,188.68,4.0254,-2.555620328,-3.152200069,20.75620825,0.571117372
1,Ray,Pasture,Apr,2010,male,2,AminSW,4.37,153.88,0.4334,-2.555620328,-2.562200069,-14.04379175,-3.020882628
0,Ray,Human,Apr,2010,male,3,AminSP,6.94,200.73,0.2864,-1.555620328,0.007799931,32.80620825,-3.167882628
0,Ray,Unknown,Apr,2010,male,3,AminSW,10.31,158.34,2.1208,-1.555620328,3.377799931,-9.583791747,-1.333482628
0,Ray,Unknown,Apr,2010,male,3,AminDP,3.9,189.18,2.2078,-1.555620328,-3.032200069,21.25620825,-1.246482628
0,Ray,Human,Apr,2010,male,3,AminDP,4.55,163.92,2.2893,-1.555620328,-2.382200069,-4.003791747,-1.164982628
1,Ray,Unknown,Apr,2010,male,2,AlluvMIN,3.97,231.64,5.126,-2.555620328,-2.962200069,63.71620825,1.671717372
0,Ray,Unknown,Apr,2010,male,3,AminSP,8.15,157.15,1.3583,-1.555620328,1.217799931,-10.77379175,-2.095982628
4,Ray,Pasture,Apr,2010,male,2,AminSP,11.24,277.26,2.2197,-2.555620328,4.307799931,109.3362083,-1.234582628
0,Ray,Pasture,Apr,2010,male,3,AminSP,8.09,142.46,3.7621,-1.555620328,1.157799931,-25.46379175,0.307817372
3,Ray,Unknown,Apr,2010,male,2,AminSW,5.54,281.75,0.6499,-2.555620328,-1.392200069,113.8262083,-2.804382628
0,Ray,Pasture,Apr,2010,male,3,AminDP,3.55,101.76,0.5483,-1.555620328,-3.382200069,-66.16379175,-2.905982628
1,Ray,Human,Apr,2010,male,2,AminSP,7.75,197.64,0.5338,-2.555620328,0.817799931,29.71620825,-2.920482628
0,Ray,Pasture,Apr,2010,male,3,AminSW,5.02,212.89,0.6949,-1.555620328,-1.912200069,44.96620825,-2.759382628
1,Romeo,Pasture,Apr,2010,male,4,AminSW,10.49,180.1,9.247,-0.555620328,3.557799931,12.17620825,5.792717372
0,Romeo,Pasture,Apr,2010,male,5,AminSW,8.44,198.43,2.5903,0.444379672,1.507799931,30.50620825,-0.863982628
4,Romeo,Pasture,Apr,2010,male,4,AminDW,7.54,163.89,11.0733,-0.555620328,0.607799931,-4.033791747,7.619017372
0,Romeo,Human,Apr,2010,male,5,AminDW,5.99,209.67,0.7256,0.444379672,-0.942200069,41.74620825,-2.728682628
0,Romeo,Human,Apr,2010,male,5,AminSW,6.1,136.27,0.4742,0.444379672,-0.832200069,-31.65379175,-2.980082628
1,Romeo,Arable,Apr,2010,male,4,AminDW,8.6,130.99,7.67,-0.555620328,1.667799931,-36.93379175,4.215717372
0,Romeo,Human,Apr,2010,male,5,AminSW,9.61,91.96,0.4525,0.444379672,2.677799931,-75.96379175,-3.001782628
1,Romeo,Arable,Apr,2010,male,4,AminSW,9.53,111.92,7.1262,-0.555620328,2.597799931,-56.00379175,3.671917372
0,Romeo,Pasture,Apr,2010,male,5,AminDW,5.22,72,2.4791,0.444379672,-1.712200069,-95.92379175,-0.975182628
0,Romeo,Pasture,Apr,2010,male,5,AminDW,7.24,108.37,1.6313,0.444379672,0.307799931,-59.55379175,-1.822982628
1,Romeo,Human,Apr,2010,male,4,AminDW,5.21,159.04,4.7689,-0.555620328,-1.722200069,-8.883791747,1.314617372
0,Romeo,Human,Apr,2010,male,5,AminDW,10.32,118.08,1.0823,0.444379672,3.387799931,-49.84379175,-2.371982628
2,Romeo,Arable,Apr,2010,male,4,AminDW,7.38,160.3,3.9722,-0.555620328,0.447799931,-7.623791747,0.517917372
2,Romeo,Pasture,Apr,2010,male,4,AminSW,7.1,219.88,6.3932,-0.555620328,0.167799931,51.95620825,2.938917372
0,Romeo,Human,Apr,2010,male,5,AminSW,7.67,176.2,1.5771,0.444379672,0.737799931,8.276208253,-1.877182628
4,Ronan,Pasture,Apr,2010,male,3,AminSP,10.12,185.87,4.836,-1.555620328,3.187799931,17.94620825,1.381717372
1,Ronan,Pasture,Apr,2010,male,3,AminDP,6.31,210.89,3.0228,-1.555620328,-0.622200069,42.96620825,-0.431482628
0,Ronan,Woodland,Apr,2010,male,4,AminDW,3.8,129.35,0.2697,-0.555620328,-3.132200069,-38.57379175,-3.184582628
2,Ronan,Pasture,Apr,2010,male,3,AminSW,7.17,168.69,6.7874,-1.555620328,0.237799931,0.766208253,3.333117372
2,Ronan,Pasture,Apr,2010,male,3,AminSW,13.51,202.86,3.8446,-1.555620328,6.577799931,34.93620825,0.390317372
4,Ronan,Uncultivated,Apr,2010,male,3,AlluvMIN,4.89,182.58,2.3458,-1.555620328,-2.042200069,14.65620825,-1.108482628
0,Ronan,Human,Apr,2010,male,4,AminSW,4.24,150.89,1.375,-0.555620328,-2.692200069,-17.03379175,-2.079282628
2,Ronan,Pasture,Apr,2010,male,3,AminSW,7.64,226.35,4.3097,-1.555620328,0.707799931,58.42620825,0.855417372
0,Ronan,Pasture,Apr,2010,male,4,AminSW,7.64,179.93,0.647,-0.555620328,0.707799931,12.00620825,-2.807282628
0,Ronan,Pasture,Apr,2010,male,4,AminDW,8.8,120.72,0.7777,-0.555620328,1.867799931,-47.20379175,-2.676582628
0,Ronan,Pasture,Apr,2010,male,4,AminDP,6.49,188.03,1.2102,-0.555620328,-0.442200069,20.10620825,-2.244082628
6,Ronan,Pasture,Apr,2010,male,3,AminDP,3.81,199.81,3.9332,-1.555620328,-3.122200069,31.88620825,0.478917372
0,Ronan,Human,Apr,2010,male,4,AminDP,4.43,124.02,0.3702,-0.555620328,-2.502200069,-43.90379175,-3.084082628
2,Ronan,Pasture,Apr,2010,male,3,AminDP,5.53,161.67,2.7476,-1.555620328,-1.402200069,-6.253791747,-0.706682628
0,Ronan,Human,Apr,2010,male,4,AminDW,6.3,52.09,2.1761,-0.555620328,-0.632200069,-115.8337917,-1.278182628
1,Ronan,Human,Apr,2010,male,3,AminSW,9.43,214.04,0.2475,-1.555620328,2.497799931,46.11620825,-3.206782628
0,Ronan,Human,Apr,2010,male,4,AminSW,6.17,307.01,0.7431,-0.555620328,-0.762200069,139.0862083,-2.711182628
0,Ronan,Human,Apr,2010,male,4,AminSW,11.86,207.55,0.1818,-0.555620328,4.927799931,39.62620825,-3.272482628
0,Sheila,Pasture,Apr,2010,female,3,AminSP,5.52,163.59,3.3181,-1.555620328,-1.412200069,-4.333791747,-0.136182628
0,Sheila,Pasture,Apr,2010,female,3,AminDP,5.42,131.36,4.1354,-1.555620328,-1.512200069,-36.56379175,0.681117372
0,Sheila,Pasture,Apr,2010,female,3,AminSW,8.62,156.97,3.1321,-1.555620328,1.687799931,-10.95379175,-0.322182628
0,Sheila,Pasture,Apr,2010,female,3,AminDW,7.99,79.95,5.1949,-1.555620328,1.057799931,-87.97379175,1.740617372
0,Sheila,Pasture,Apr,2010,female,3,AminDP,8.63,182.09,4.1046,-1.555620328,1.697799931,14.16620825,0.650317372
0,Sheila,Unknown,Apr,2010,female,3,AminDP,6.24,113.29,1.1911,-1.555620328,-0.692200069,-54.63379175,-2.263182628
0,Sheila,Pasture,Apr,2010,female,3,AminSP,3.48,73.86,1.056,-1.555620328,-3.452200069,-94.06379175,-2.398282628
0,Sheila,REPS Habitat,Apr,2010,female,3,AminSW,11.42,108.95,0.8756,-1.555620328,4.487799931,-58.97379175,-2.578682628
3,Sheila,Pasture,Apr,2010,female,2,AminSW,8.66,138.53,9.2327,-2.555620328,1.727799931,-29.39379175,5.778417372
0,Sheila,Pasture,Apr,2010,female,3,AminSW,6.2,60.16,2.274,-1.555620328,-0.732200069,-107.7637917,-1.180282628
2,Sheila,Pasture,Apr,2010,female,2,AminSW,6.77,97.1,5.5551,-2.555620328,-0.162200069,-70.82379175,2.100817372
0,Sheila,Pasture,Apr,2010,female,3,AminDP,5.37,102.39,1.2169,-1.555620328,-1.562200069,-65.53379175,-2.237382628
0,Sheila,Pasture,Apr,2010,female,3,AminDP,5.79,154.75,2.331,-1.555620328,-1.142200069,-13.17379175,-1.123282628
0,Sheila,Pasture,Apr,2010,female,3,AminDW,11.68,116.18,0.5128,-1.555620328,4.747799931,-51.74379175,-2.941482628
0,Sheila,Pasture,Apr,2010,female,3,AminSW,13.51,202.86,3.8446,-1.555620328,6.577799931,34.93620825,0.390317372
0,Sheila,Pasture,Apr,2010,female,3,AminSW,7.49,106.09,6.876,-1.555620328,0.557799931,-61.83379175,3.421717372
2,Sheila,Pasture,Apr,2010,female,2,AminDP,5.59,166.24,3.5363,-2.555620328,-1.342200069,-1.683791747,0.082017372
0,Sheila,Uncultivated,Apr,2010,female,3,AlluvMIN,2.97,140.65,0.2447,-1.555620328,-3.962200069,-27.27379175,-3.209582628
0,Sheila,Uncultivated,Apr,2010,female,3,AminSW,6.23,203.17,7.097,-1.555620328,-0.702200069,35.24620825,3.642717372
20,Sheila,Woodland,Apr,2010,female,2,AminSP,7.2,139.69,37.1236,-2.555620328,0.267799931,-28.23379175,33.66931737
0,Sheila,Pasture,Apr,2010,female,3,AminSW,8.13,51.56,2.8327,-1.555620328,1.197799931,-116.3637917,-0.621582628
1,Sheila,Unknown,Apr,2010,female,2,AminDW,7.73,124.93,3.966,-2.555620328,0.797799931,-42.99379175,0.511717372
7,Sheila,Pasture,Apr,2010,female,2,AminSW,6.35,100.39,3.817,-2.555620328,-0.582200069,-67.53379175,0.362717372
0,Sheila,Pasture,Apr,2010,female,3,AminSW,4.75,169.71,2.709,-1.555620328,-2.182200069,1.786208253,-0.745282628
0,Sheila,Pasture,Apr,2010,female,3,AminSW,7.39,174.46,9.9861,-1.555620328,0.457799931,6.536208253,6.531817372
0,Sheila,Woodland,Apr,2010,female,3,AminDW,6.4,151.9,1.1043,-1.555620328,-0.532200069,-16.02379175,-2.349982628
0,Sheila,Unknown,Apr,2010,female,3,AminDW,6.67,209.11,3.4412,-1.555620328,-0.262200069,41.18620825,-0.013082628
0,Sheila,Unknown,Apr,2010,female,3,AminDP,4.93,81.37,1.017,-1.555620328,-2.002200069,-86.55379175,-2.437282628
1,Sheila,Uncultivated,Apr,2010,female,2,AminDW,8.37,123.26,4.9431,-2.555620328,1.437799931,-44.66379175,1.488817372
0,Sheila,Human,Apr,2010,female,3,AminDP,4,190.01,0.1783,-1.555620328,-2.932200069,22.08620825,-3.275982628
1,Sheila,Human,Apr,2010,female,2,AminDW,4.17,228.98,1.261,-2.555620328,-2.762200069,61.05620825,-2.193282628
2,Sheila,Arable,Apr,2010,female,2,AminSP,3,168.75,1.094,-2.555620328,-3.932200069,0.826208253,-2.360282628
1,Sheila,Pasture,Apr,2010,female,2,AminDP,8.95,232.23,3.9181,-2.555620328,2.017799931,64.30620825,0.463817372
2,Tyson,Arable,Apr,2010,male,3,AminDP,6.24,212.74,3.0407,-1.555620328,-0.692200069,44.81620825,-0.413582628
1,Tyson,Arable,Apr,2010,male,3,AminDW,7.43,202.75,15.9857,-1.555620328,0.497799931,34.82620825,12.53141737
2,Tyson,Pasture,Apr,2010,male,3,AminSP,10.95,226.5,6.8694,-1.555620328,4.017799931,58.57620825,3.415117372
0,Tyson,Pasture,Apr,2010,male,4,AminSW,10.7,245.53,0.1848,-0.555620328,3.767799931,77.60620825,-3.269482628
2,Tyson,Pasture,Apr,2010,male,3,AminSW,9.24,201.71,5.6477,-1.555620328,2.307799931,33.78620825,2.193417372
0,Tyson,Pasture,Apr,2010,male,4,AminDW,14.98,289.35,1.6093,-0.555620328,8.047799931,121.4262083,-1.844982628
0,Tyson,Pasture,Apr,2010,male,4,AminDW,8.38,311.2,0.5254,-0.555620328,1.447799931,143.2762083,-2.928882628
1,Tyson,Pasture,Apr,2010,male,3,AminDW,7.4,208.9,3.9046,-1.555620328,0.467799931,40.97620825,0.450317372
2,Tyson,Pasture,Apr,2010,male,3,AminSW,6.1,222.74,3.8023,-1.555620328,-0.832200069,54.81620825,0.348017372
0,Tyson,Unknown,Apr,2010,male,4,AminSW,5.48,130.54,0.6532,-0.555620328,-1.452200069,-37.38379175,-2.801082628
1,Tyson,Unknown,Apr,2010,male,3,AminSW,6.13,191.11,0.6905,-1.555620328,-0.802200069,23.18620825,-2.763782628
0,Tyson,Pasture,Apr,2010,male,4,AminDW,9.94,222.71,6.6875,-0.555620328,3.007799931,54.78620825,3.233217372
6,Tyson,Pasture,Apr,2010,male,3,AminSW,8.74,200.63,21.6626,-1.555620328,1.807799931,32.70620825,18.20831737
1,Tyson,Woodland,Apr,2010,male,3,AminSW,5.03,174.49,0.589,-1.555620328,-1.902200069,6.566208253,-2.865282628
1,Tyson,Human,Apr,2010,male,3,AminDW,13.6,236.52,0.5033,-1.555620328,6.667799931,68.59620825,-2.950982628
0,Tyson,Arable,Apr,2010,male,4,AminSW,6.56,157.21,7.2329,-0.555620328,-0.372200069,-10.71379175,3.778617372
2,Yvonne,Pasture,Apr,2010,female,2,AminSW,7.72,88.84,3.8728,-2.555620328,0.787799931,-79.08379175,0.418517372
7,Yvonne,Pasture,Apr,2010,female,2,AminDW,6.31,150.63,4.1637,-2.555620328,-0.622200069,-17.29379175,0.709417372
1,Yvonne,Unknown,Apr,2010,female,2,AminSW,6.8,184.86,4.049,-2.555620328,-0.132200069,16.93620825,0.594717372
0,Yvonne,Pasture,Apr,2010,female,3,AminSW,7.5,206.56,3.967,-1.555620328,0.567799931,38.63620825,0.512717372
0,Yvonne,Woodland,Apr,2010,female,3,AminDW,7.5,188.34,0.4182,-1.555620328,0.567799931,20.41620825,-3.036082628
0,Yvonne,Unknown,Apr,2010,female,3,AminSW,6.41,170.61,6.365,-1.555620328,-0.522200069,2.686208253,2.910717372
0,Yvonne,Pasture,Apr,2010,female,3,AminDP,6.49,188.03,1.2102,-1.555620328,-0.442200069,20.10620825,-2.244082628
0,Yvonne,Unknown,Apr,2010,female,3,AminDP,5.29,221.29,2.2199,-1.555620328,-1.642200069,53.36620825,-1.234382628
0,Yvonne,Human,Apr,2010,female,3,AminDP,4.43,124.02,0.3702,-1.555620328,-2.502200069,-43.90379175,-3.084082628
0,Yvonne,Pasture,Apr,2010,female,3,AminDP,5.53,161.67,2.7476,-1.555620328,-1.402200069,-6.253791747,-0.706682628
0,Yvonne,Human,Apr,2010,female,3,AminDW,6.3,52.09,2.1761,-1.555620328,-0.632200069,-115.8337917,-1.278182628
0,Yvonne,Human,Apr,2010,female,3,AminDP,3,79.12,0.3431,-1.555620328,-3.932200069,-88.80379175,-3.111182628
0,Yvonne,Human,Apr,2010,female,3,AminDP,7.69,329.02,0.4043,-1.555620328,0.757799931,161.0962083,-3.049982628
6,Bluebell,Arable,Apr,2010,female,2,AminDP,4.37,199.38,7.3508,-2.555620328,-2.562200069,31.45620825,3.896517372
0,Bluebell,Pasture,Apr,2010,female,3,AminDP,8.14,113.54,5.3232,-1.555620328,1.207799931,-54.38379175,1.868917372
6,Bluebell,Woodland,Apr,2010,female,2,AminDP,5.99,220.63,10.6527,-2.555620328,-0.942200069,52.70620825,7.198417372
0,Bluebell,Pasture,Apr,2010,female,3,AminDP,7.4,182.71,2.9881,-1.555620328,0.467799931,14.78620825,-0.466182628
3,Bluebell,Pasture,Apr,2010,female,2,AminDW,9.3,239.06,7.4412,-2.555620328,2.367799931,71.13620825,3.986917372
0,Bluebell,Arable,Apr,2010,female,3,AminDP,4.39,196.75,3.1304,-1.555620328,-2.542200069,28.82620825,-0.323882628
1,Bluebell,Arable,Apr,2010,female,2,AminDP,5.75,161.23,5.7355,-2.555620328,-1.182200069,-6.693791747,2.281217372
3,Bluebell,Pasture,Apr,2010,female,2,AminDP,5.78,224.43,2.6602,-2.555620328,-1.152200069,56.50620825,-0.794082628
0,Bluebell,Human,Apr,2010,female,3,AminDP,8.47,247.62,0.0983,-1.555620328,1.537799931,79.69620825,-3.355982628
0,Bluebell,Pasture,Apr,2010,female,3,AlluvMIN,3.72,78.53,1.6113,-1.555620328,-3.212200069,-89.39379175,-1.842982628
0,Bluebell,Pasture,Apr,2010,female,3,AlluvMIN,3.38,203.21,2.0695,-1.555620328,-3.552200069,35.28620825,-1.384782628
1,Bluebell,Pasture,Apr,2010,female,2,AminDP,7.01,206.76,6.0719,-2.555620328,0.077799931,38.83620825,2.617617372
0,Bluebell,Pasture,Apr,2010,female,3,AminSW,6.04,205.17,0.9946,-1.555620328,-0.892200069,37.24620825,-2.459682628
0,Bluebell,Unknown,Apr,2010,female,3,AminSW,11.99,208.13,2.533,-1.555620328,5.057799931,40.20620825,-0.921282628
0,Bluebell,Unknown,Apr,2010,female,3,AminSP,9.02,164.41,3.7015,-1.555620328,2.087799931,-3.513791747,0.247217372
0,Bluebell,Human,Apr,2010,female,3,AminSP,8.51,225.25,0.8678,-1.555620328,1.577799931,57.32620825,-2.586482628
1,Bluebell,Pasture,Apr,2010,female,2,AlluvMIN,3.82,175.18,3.2696,-2.555620328,-3.112200069,7.256208253,-0.184682628
0,Bluebell,Unknown,Apr,2010,female,3,AminSW,6.84,165.12,0.345,-1.555620328,-0.092200069,-2.803791747,-3.109282628
1,Bluebell,Human,Apr,2010,female,2,AminSP,4.52,157.11,1.4133,-2.555620328,-2.412200069,-10.81379175,-2.040982628
1,Bluebell,Arable,Apr,2010,female,2,AlluvMIN,4.56,178.09,1.4324,-2.555620328,-2.372200069,10.16620825,-2.021882628
0,Carla,Pasture,Apr,2010,female,5,AminDP,4.63,229.57,3.4149,0.444379672,-2.302200069,61.64620825,-0.039382628
0,Carla,Pasture,Apr,2010,female,5,AminSP,6.73,135.91,2.7713,0.444379672,-0.202200069,-32.01379175,-0.682982628
1,Carla,Pasture,Apr,2010,female,4,AminSW,14.75,175.24,3.2447,-0.555620328,7.817799931,7.316208253,-0.209582628
0,Carla,Woodland,Apr,2010,female,5,AminDP,5.99,220.63,10.6527,0.444379672,-0.942200069,52.70620825,7.198417372
0,Carla,Pasture,Apr,2010,female,5,AminDP,8.68,109.44,2.5117,0.444379672,1.747799931,-58.48379175,-0.942582628
0,Carla,Pasture,Apr,2010,female,5,AminDP,5.25,177.1,1.2445,0.444379672,-1.682200069,9.176208253,-2.209782628
0,Carla,Pasture,Apr,2010,female,5,AminDP,5.11,109.94,1.8928,0.444379672,-1.822200069,-57.98379175,-1.561482628
0,Carla,Pasture,Apr,2010,female,5,AminDP,3.37,158.44,2.1227,0.444379672,-3.562200069,-9.483791747,-1.331582628
0,Carla,Human,Apr,2010,female,5,AminSP,6.16,194.15,0.4864,0.444379672,-0.772200069,26.22620825,-2.967882628
0,Carla,Pasture,Apr,2010,female,5,AminDP,0,0,1.8653,0.444379672,-6.932200069,-167.9237917,-1.588982628
0,Carla,Woodland,Apr,2010,female,5,AminDW,7,240.64,0.5815,0.444379672,0.067799931,72.71620825,-2.872782628
0,Carla,Pasture,Apr,2010,female,5,AminSW,7.64,237.45,1.2542,0.444379672,0.707799931,69.52620825,-2.200082628
0,Carla,Woodland,Apr,2010,female,5,AlluvMIN,2.47,104.44,0.1548,0.444379672,-4.462200069,-63.48379175,-3.299482628
0,Carla,Pasture,Apr,2010,female,5,AminDP,4.7,223.19,1.281,0.444379672,-2.232200069,55.26620825,-2.173282628
0,Carla,Pasture,Apr,2010,female,5,AminDW,6.17,214.73,1.039,0.444379672,-0.762200069,46.80620825,-2.415282628
1,Dolly,Pasture,Apr,2010,female,4,AminDP,3.61,175.77,5.1485,-0.555620328,-3.322200069,7.846208253,1.694217372
0,Dolly,Pasture,Apr,2010,female,5,AminDP,7.02,141.9,0.9519,0.444379672,0.087799931,-26.02379175,-2.502382628
1,Dolly,Pasture,Apr,2010,female,4,AminDP,5.99,145.61,2.6205,-0.555620328,-0.942200069,-22.31379175,-0.833782628
0,Dolly,Pasture,Apr,2010,female,5,AminDP,5.39,133.64,2.6403,0.444379672,-1.542200069,-34.28379175,-0.813982628
1,Dolly,Pasture,Apr,2010,female,4,AminDP,5.32,150.55,3.4953,-0.555620328,-1.612200069,-17.37379175,0.041017372
1,Dolly,Arable,Apr,2010,female,4,AminSP,4.93,200.44,4.2867,-0.555620328,-2.002200069,32.51620825,0.832417372
0,Dolly,Pasture,Apr,2010,female,5,AminDW,4.81,117.68,4.0264,0.444379672,-2.122200069,-50.24379175,0.572117372
0,Dolly,Arable,Apr,2010,female,5,AminDP,5.98,154.53,4.829,0.444379672,-0.952200069,-13.39379175,1.374717372
0,Dolly,Human,Apr,2010,female,5,AminDP,5.21,168.65,0.7093,0.444379672,-1.722200069,0.726208253,-2.744982628
2,Dolly,Pasture,Apr,2010,female,4,Lac,3.67,151.19,1.0416,-0.555620328,-3.262200069,-16.73379175,-2.412682628
0,Dolly,Pasture,Apr,2010,female,5,AminDP,3.26,188.07,0.276,0.444379672,-3.672200069,20.14620825,-3.178282628
0,Dolly,Pasture,Apr,2010,female,5,AminDP,7.1,109.82,1.2143,0.444379672,0.167799931,-58.10379175,-2.239982628
0,Dolly,Pasture,Apr,2010,female,5,AminDP,6.43,137.98,0.4904,0.444379672,-0.502200069,-29.94379175,-2.963882628
0,Dolly,Woodland,Apr,2010,female,5,AminSP,3.71,155.59,0.3002,0.444379672,-3.222200069,-12.33379175,-3.154082628
0,Dolly,Human,Apr,2010,female,5,AminDP,9.31,219.57,0.7209,0.444379672,2.377799931,51.64620825,-2.733382628
1,Dolly,Pasture,Apr,2010,female,4,AminDP,6.59,167.12,1.6068,-0.555620328,-0.342200069,-0.803791747,-1.847482628
0,Dolly,Human,Apr,2010,female,5,AminDP,5.91,154.37,0.482,0.444379672,-1.022200069,-13.55379175,-2.972282628
0,Dolly,Human,Apr,2010,female,5,AminSW,2.86,174.61,0.7529,0.444379672,-4.072200069,6.686208253,-2.701382628
0,Dolly,Pasture,Apr,2010,female,5,AminDP,5.45,207.44,1.0495,0.444379672,-1.482200069,39.51620825,-2.404782628
1,Dolly,Pasture,Apr,2010,female,4,AminDP,4.58,224.25,1.6021,-0.555620328,-2.352200069,56.32620825,-1.852182628
2,George,Pasture,Apr,2010,male,3,AminDP,3.58,127.96,2.1851,-1.555620328,-3.352200069,-39.96379175,-1.269182628
8,George,Pasture,Apr,2010,male,3,AminSP,8.02,157.49,5.6054,-1.555620328,1.087799931,-10.43379175,2.151117372
1,George,Pasture,Apr,2010,male,3,AminDW,7.4,208.9,3.9046,-1.555620328,0.467799931,40.97620825,0.450317372
3,George,Pasture,Apr,2010,male,3,AminDP,5.11,109.94,1.8928,-1.555620328,-1.822200069,-57.98379175,-1.561482628
0,George,Pasture,Apr,2010,male,4,AminDP,3.37,158.44,2.1227,-0.555620328,-3.562200069,-9.483791747,-1.331582628
0,George,Unknown,Apr,2010,male,4,AminDP,7.34,196.82,1.0981,-0.555620328,0.407799931,28.89620825,-2.356182628
0,George,Unknown,Apr,2010,male,4,AminSW,5.48,130.54,0.6532,-0.555620328,-1.452200069,-37.38379175,-2.801082628
6,George,Pasture,Apr,2010,male,3,AminDP,3.15,114.59,3.578,-1.555620328,-3.782200069,-53.33379175,0.123717372
0,George,Human,Apr,2010,male,4,AminSP,6.16,194.15,0.4864,-0.555620328,-0.772200069,26.22620825,-2.967882628
1,George,Pasture,Apr,2010,male,3,AminDW,4.56,186.61,3.6856,-1.555620328,-2.372200069,18.68620825,0.231317372
0,George,Woodland,Apr,2010,male,4,AlluvMIN,2.47,104.44,0.1548,-0.555620328,-4.462200069,-63.48379175,-3.299482628
3,George,Pasture,Apr,2010,male,3,AminDP,6.41,223.89,2.9154,-1.555620328,-0.522200069,55.96620825,-0.538882628
9,Ray,Arable,Apr,2010,male,2,AminDP,4.37,199.38,7.3508,-2.555620328,-2.562200069,31.45620825,3.896517372
1,Ray,Pasture,Apr,2010,male,2,AminDP,8.14,113.54,5.3232,-2.555620328,1.207799931,-54.38379175,1.868917372
6,Ray,Woodland,Apr,2010,male,2,AminDP,5.99,220.63,10.6527,-2.555620328,-0.942200069,52.70620825,7.198417372
1,Ray,Pasture,Apr,2010,male,2,AminDP,7.4,182.71,2.9881,-2.555620328,0.467799931,14.78620825,-0.466182628
1,Ray,Pasture,Apr,2010,male,2,AminDW,9.3,239.06,7.4412,-2.555620328,2.367799931,71.13620825,3.986917372
0,Ray,Arable,Apr,2010,male,3,AminDP,4.39,196.75,3.1304,-1.555620328,-2.542200069,28.82620825,-0.323882628
3,Ray,Pasture,Apr,2010,male,2,AminSP,10.95,226.5,6.8694,-2.555620328,4.017799931,58.57620825,3.415117372
0,Ray,Uncultivated,Apr,2010,male,3,AminDP,5.23,245.98,0.1912,-1.555620328,-1.702200069,78.05620825,-3.263082628
0,Ray,Human,Apr,2010,male,3,AminDP,0,0,0.0819,-1.555620328,-6.932200069,-167.9237917,-3.372382628
3,Ray,Pasture,Apr,2010,male,2,AlluvMIN,3.99,210.43,2.6098,-2.555620328,-2.942200069,42.50620825,-0.844482628
4,Ray,Pasture,Apr,2010,male,2,AminDP,4.5,209.53,2.9154,-2.555620328,-2.432200069,41.60620825,-0.538882628
2,Ray,Pasture,Apr,2010,male,2,AminSW,4.37,153.88,0.4334,-2.555620328,-2.562200069,-14.04379175,-3.020882628
0,Ray,Human,Apr,2010,male,3,AminSP,4.58,190.33,0.3326,-1.555620328,-2.352200069,22.40620825,-3.121682628
0,Ray,Unknown,Apr,2010,male,3,AminSP,9.02,164.41,3.7015,-1.555620328,2.087799931,-3.513791747,0.247217372
4,Ray,Unknown,Apr,2010,male,2,AminSP,7.68,197.71,2.8643,-2.555620328,0.747799931,29.78620825,-0.589982628
0,Ray,Human,Apr,2010,male,3,AminSP,8.51,225.25,0.8678,-1.555620328,1.577799931,57.32620825,-2.586482628
1,Ray,Pasture,Apr,2010,male,2,AminSP,10.62,129.44,2.2757,-2.555620328,3.687799931,-38.48379175,-1.178582628
0,Ray,Woodland,Apr,2010,male,3,AlluvMIN,2.82,225.67,1.7509,-1.555620328,-4.112200069,57.74620825,-1.703382628
0,Ray,Human,Apr,2010,male,3,AminDP,5.72,177.99,0.2195,-1.555620328,-1.212200069,10.06620825,-3.234782628
0,Ray,Human,Apr,2010,male,3,AminDP,7.25,217.23,0.1611,-1.555620328,0.317799931,49.30620825,-3.293182628
2,Romeo,Pasture,Apr,2010,male,4,AminSW,8.74,200.63,21.6626,-0.555620328,1.807799931,32.70620825,18.20831737
0,Romeo,Human,Apr,2010,male,5,AminDW,5.99,209.67,0.7256,0.444379672,-0.942200069,41.74620825,-2.728682628
2,Romeo,Arable,Apr,2010,male,4,AminDP,6.68,138.27,12.0195,-0.555620328,-0.252200069,-29.65379175,8.565217372
13,Romeo,Arable,Apr,2010,male,4,AminDW,6.02,127.76,4.6852,-0.555620328,-0.912200069,-40.16379175,1.230917372
0,Romeo,Pasture,Apr,2010,male,5,AminDW,7.98,96.83,6.422,0.444379672,1.047799931,-71.09379175,2.967717372
6,Romeo,Arable,Apr,2010,male,4,AminSW,7.01,109.82,8.4842,-0.555620328,0.077799931,-58.10379175,5.029917372
1,Romeo,Woodland,Apr,2010,male,4,AminSW,5.03,174.49,0.589,-0.555620328,-1.902200069,6.566208253,-2.865282628
0,Romeo,Pasture,Apr,2010,male,5,AminDW,7.24,108.37,1.6313,0.444379672,0.307799931,-59.55379175,-1.822982628
2,Romeo,Human,Apr,2010,male,4,AminDW,5.21,159.04,4.7689,-0.555620328,-1.722200069,-8.883791747,1.314617372
0,Romeo,Human,Apr,2010,male,5,AminDW,10.32,118.08,1.0823,0.444379672,3.387799931,-49.84379175,-2.371982628
0,Romeo,Arable,Apr,2010,male,5,AminDW,7.38,160.3,3.9722,0.444379672,0.447799931,-7.623791747,0.517917372
1,Romeo,Pasture,Apr,2010,male,4,AminDW,10.11,200.26,2.9071,-0.555620328,3.177799931,32.33620825,-0.547182628
1,Romeo,Unknown,Apr,2010,male,4,AminSW,7.36,293.85,0.6919,-0.555620328,0.427799931,125.9262083,-2.762382628
0,Ronan,Woodland,Apr,2010,male,4,AlluvMIN,5.09,162.07,5.1842,-0.555620328,-1.842200069,-5.853791747,1.729917372
4,Ronan,Pasture,Apr,2010,male,3,AminSW,7.72,88.84,3.8728,-1.555620328,0.787799931,-79.08379175,0.418517372
2,Ronan,Pasture,Apr,2010,male,3,AminDW,6.31,150.63,4.1637,-1.555620328,-0.622200069,-17.29379175,0.709417372
0,Ronan,Unknown,Apr,2010,male,4,AminSW,6.8,184.86,4.049,-0.555620328,-0.132200069,16.93620825,0.594717372
0,Ronan,Pasture,Apr,2010,male,4,AminSW,7.5,206.56,3.967,-0.555620328,0.567799931,38.63620825,0.512717372
0,Ronan,Human,Apr,2010,male,4,AminDP,9.02,270.31,1.3263,-0.555620328,2.087799931,102.3862083,-2.127982628
3,Ronan,Pasture,Apr,2010,male,3,AminDP,10.47,235.44,4.4552,-1.555620328,3.537799931,67.51620825,1.000917372
1,Ronan,Pasture,Apr,2010,male,3,AminSW,5.58,213.3,2.8381,-1.555620328,-1.352200069,45.37620825,-0.616182628
0,Ronan,Unknown,Apr,2010,male,4,AminSW,3.55,282.91,0.4457,-0.555620328,-3.382200069,114.9862083,-3.008582628
0,Ronan,Pasture,Apr,2010,male,4,AminSW,7.64,179.93,0.647,-0.555620328,0.707799931,12.00620825,-2.807282628
1,Ronan,Pasture,Apr,2010,male,3,AminDW,8.03,184.54,1.5283,-1.555620328,1.097799931,16.61620825,-1.925982628
0,Ronan,Unknown,Apr,2010,male,4,AlluvMIN,6.93,182.95,0.9038,-0.555620328,-0.002200069,15.02620825,-2.550482628
0,Ronan,Pasture,Apr,2010,male,4,AminSP,7.66,73.15,4.6628,-0.555620328,0.727799931,-94.77379175,1.208517372
0,Ronan,Pasture,Apr,2010,male,4,AminDP,5.53,161.67,2.7476,-0.555620328,-1.402200069,-6.253791747,-0.706682628
1,Ronan,Human,Apr,2010,male,3,AminDW,6.3,52.09,2.1761,-1.555620328,-0.632200069,-115.8337917,-1.278182628
0,Ronan,Human,Apr,2010,male,4,AminSW,9.43,214.04,0.2475,-0.555620328,2.497799931,46.11620825,-3.206782628
0,Ronan,Uncultivated,Apr,2010,male,4,AminDP,5.52,252.31,0.6702,-0.555620328,-1.412200069,84.38620825,-2.784082628
0,Ronan,Human,Apr,2010,male,4,AminSW,10.88,228.63,0.2177,-0.555620328,3.947799931,60.70620825,-3.236582628
1,Sheila,Pasture,Apr,2010,female,2,AminDP,5.23,149.51,2.611,-2.555620328,-1.702200069,-18.41379175,-0.843282628
0,Sheila,Pasture,Apr,2010,female,3,AminDP,4.08,206.29,2.1148,-1.555620328,-2.852200069,38.36620825,-1.339482628
0,Sheila,Pasture,Apr,2010,female,3,AminSW,7.68,164.55,1.5432,-1.555620328,0.747799931,-3.373791747,-1.911082628
0,Sheila,Pasture,Apr,2010,female,3,AminDW,9.34,76.73,1.9873,-1.555620328,2.407799931,-91.19379175,-1.466982628
0,Sheila,Pasture,Apr,2010,female,3,AminSP,4.95,261.23,1.1522,-1.555620328,-1.982200069,93.30620825,-2.302082628
0,Sheila,Pasture,Apr,2010,female,3,AminSP,6.2,144.33,2.0004,-1.555620328,-0.732200069,-23.59379175,-1.453882628
0,Sheila,Arable,Apr,2010,female,3,AminDW,9.21,143,5.2679,-1.555620328,2.277799931,-24.92379175,1.813617372
0,Sheila,REPS Habitat,Apr,2010,female,3,AminSW,9.1,14.29,0.3069,-1.555620328,2.167799931,-153.6337917,-3.147382628
0,Sheila,Arable,Apr,2010,female,3,AminDW,6.23,148.87,3.6353,-1.555620328,-0.702200069,-19.05379175,0.181017372
0,Sheila,Woodland,Apr,2010,female,3,AminDP,2.95,118.73,1.5016,-1.555620328,-3.982200069,-49.19379175,-1.952682628
0,Sheila,Pasture,Apr,2010,female,3,AminDW,9.05,275.15,0.9088,-1.555620328,2.117799931,107.2262083,-2.545482628
0,Sheila,Pasture,Apr,2010,female,3,AminSW,6.23,112.72,0.7079,-1.555620328,-0.702200069,-55.20379175,-2.746382628
1,Sheila,Woodland,Apr,2010,female,2,AminSW,11.35,72.04,3.0697,-2.555620328,4.417799931,-95.88379175,-0.384582628
0,Sheila,Pasture,Apr,2010,female,3,AminDP,6.85,86.76,3.3729,-1.555620328,-0.082200069,-81.16379175,-0.081382628
2,Sheila,Uncultivated,Apr,2010,female,2,AminSP,5.3,147.22,2.1314,-2.555620328,-1.632200069,-20.70379175,-1.322882628
0,Sheila,Uncultivated,Apr,2010,female,3,AminDP,7.06,182.29,1.0315,-1.555620328,0.127799931,14.36620825,-2.422782628
0,Sheila,Human,Apr,2010,female,3,AminSW,6.67,195.26,18.8425,-1.555620328,-0.262200069,27.33620825,15.38821737
2,Sheila,Pasture,Apr,2010,female,2,AminSW,8,49.11,1.71,-2.555620328,1.067799931,-118.8137917,-1.744282628
0,Sheila,Woodland,Apr,2010,female,3,AminSP,8.89,118.92,1.8821,-1.555620328,1.957799931,-49.00379175,-1.572182628
1,Sheila,Pasture,Apr,2010,female,2,AminSW,7.47,151.2,5.1791,-2.555620328,0.537799931,-16.72379175,1.724817372
0,Sheila,Pasture,Apr,2010,female,3,AminSW,7.39,174.46,9.9861,-1.555620328,0.457799931,6.536208253,6.531817372
0,Sheila,Human,Apr,2010,female,3,AminSP,4.06,267.75,0.5085,-1.555620328,-2.872200069,99.82620825,-2.945782628
0,Sheila,Woodland,Apr,2010,female,3,AminSP,4.69,157.1,0.1678,-1.555620328,-2.242200069,-10.82379175,-3.286482628
0,Sheila,Human,Apr,2010,female,3,AminDW,10.61,85.41,0.6584,-1.555620328,3.677799931,-82.51379175,-2.795882628
0,Sheila,Human,Apr,2010,female,3,AminDW,9.02,79.76,0.3848,-1.555620328,2.087799931,-88.16379175,-3.069482628
1,Sheila,Pasture,Apr,2010,female,2,AminDP,8.95,232.23,3.9181,-2.555620328,2.017799931,64.30620825,0.463817372
0,Tyson,Arable,Apr,2010,male,4,AminDP,4.39,196.75,3.1304,-0.555620328,-2.542200069,28.82620825,-0.323882628
3,Tyson,Arable,Apr,2010,male,3,AminSW,8.62,198.57,7.6084,-1.555620328,1.687799931,30.64620825,4.154117372
0,Tyson,Pasture,Apr,2010,male,4,AminDW,7.1,184.18,5.9903,-0.555620328,0.167799931,16.25620825,2.536017372
0,Tyson,Pasture,Apr,2010,male,4,AminSW,11.52,242.25,0.2474,-0.555620328,4.587799931,74.32620825,-3.206882628
3,Tyson,Pasture,Apr,2010,male,3,AminSW,5.21,182.42,5.59,-1.555620328,-1.722200069,14.49620825,2.135717372
5,Tyson,Pasture,Apr,2010,male,3,AminDW,10.3,206.85,6.1194,-1.555620328,3.367799931,38.92620825,2.665117372
1,Tyson,Pasture,Apr,2010,male,3,AminDW,5.79,190.76,0.7224,-1.555620328,-1.142200069,22.83620825,-2.731882628
5,Tyson,Pasture,Apr,2010,male,3,AminSW,14.1,265.87,6.0367,-1.555620328,7.167799931,97.94620825,2.582417372
1,Tyson,Pasture,Apr,2010,male,3,AminDW,10.15,233.12,4.0377,-1.555620328,3.217799931,65.19620825,0.583417372
0,Tyson,Human,Apr,2010,male,4,AminDW,9.44,235.1,1.9984,-0.555620328,2.507799931,67.17620825,-1.455882628
5,Tyson,Arable,Apr,2010,male,3,AminSW,7.01,109.82,8.4842,-1.555620328,0.077799931,-58.10379175,5.029917372
3,Tyson,Woodland,Apr,2010,male,3,AminSW,10.34,196.47,3.0618,-1.555620328,3.407799931,28.54620825,-0.392482628
0,Tyson,Pasture,Apr,2010,male,4,AminSW,9.35,247.37,0.6474,-0.555620328,2.417799931,79.44620825,-2.806882628
4,Tyson,Arable,Apr,2010,male,3,AminDW,8.53,230.28,6.3387,-1.555620328,1.597799931,62.35620825,2.884417372
2,Yvonne,Pasture,Apr,2010,female,2,AminSW,7.72,88.84,3.8728,-2.555620328,0.787799931,-79.08379175,0.418517372
4,Yvonne,Pasture,Apr,2010,female,2,AminDW,6.31,150.63,4.1637,-2.555620328,-0.622200069,-17.29379175,0.709417372
0,Yvonne,Unknown,Apr,2010,female,3,AminSW,6.8,184.86,4.049,-1.555620328,-0.132200069,16.93620825,0.594717372
0,Yvonne,Pasture,Apr,2010,female,3,AminSW,7.5,206.56,3.967,-1.555620328,0.567799931,38.63620825,0.512717372
0,Yvonne,Woodland,Apr,2010,female,3,AminDW,7.5,188.34,0.4182,-1.555620328,0.567799931,20.41620825,-3.036082628
0,Yvonne,Pasture,Apr,2010,female,3,AminSW,6.9,227.93,3.4482,-1.555620328,-0.032200069,60.00620825,-0.006082628
0,Yvonne,Pasture,Apr,2010,female,3,AminDW,8.93,196.65,2.7694,-1.555620328,1.997799931,28.72620825,-0.684882628
0,Yvonne,Unknown,Apr,2010,female,3,AminSW,7.95,190.26,0.3958,-1.555620328,1.017799931,22.33620825,-3.058482628
0,Yvonne,Pasture,Apr,2010,female,3,AminDP,6.49,188.03,1.2102,-1.555620328,-0.442200069,20.10620825,-2.244082628
0,Yvonne,Pasture,Apr,2010,female,3,AminDP,5.49,145.87,2.9827,-1.555620328,-1.442200069,-22.05379175,-0.471582628
0,Yvonne,Pasture,Apr,2010,female,3,AminDP,4.56,200.4,2.0215,-1.555620328,-2.372200069,32.47620825,-1.432782628
0,Yvonne,Woodland,Apr,2010,female,3,AminDP,3.57,197.8,0.3676,-1.555620328,-3.362200069,29.87620825,-3.086682628
0,Yvonne,Pasture,Apr,2010,female,3,AminDP,7.58,68.16,0.6125,-1.555620328,0.647799931,-99.76379175,-2.841782628
0,Yvonne,Pasture,Apr,2010,female,3,AminDP,5.39,150.23,3.9311,-1.555620328,-1.542200069,-17.69379175,0.476817372
0,Yvonne,Human,Apr,2010,female,3,AminDP,8.01,159.27,1.1834,-1.555620328,1.077799931,-8.653791747,-2.270882628
0,Yvonne,Human,Apr,2010,female,3,AminSW,11.86,207.55,0.1818,-1.555620328,4.927799931,39.62620825,-3.272482628
